contract_id,player_id,player_name,signing_year,signing_age,age,role,position,negotiation_type,years,aav_m,guarantee_m,team,source,source_url,service_years,il_days_last_3y,ped_suspensions,other_suspensions,war,wrc_plus,ops_plus,obp,slg,iso,bb_pct,k_pct,defensive_runs,baserunning_runs,avg_ev,barrel_pct,hard_hit_pct,chase_pct,whiff_pct,era,fip,xfip,innings,avg_velocity,stuff_plus,location_plus,overall_grade
DEMO-10001-2021-0,10001,Demo Hitter 001,2021,22.0,22.0,Hitter,CF,Free Agent,10,24.64,217.34,DEMO,SYNTHETIC DEMO DATA - REPLACE BEFORE REAL USE,,2.0,86,0,0,1.66,117.3,117.9,0.34,0.406,0.148,9.8,19.8,5.7,-1.9,87.2,6.5,37.8,27.0,20.1,,,,,,,,50
DEMO-10002-2022-1,10002,Demo Hitter 002,2022,24.0,24.0,Hitter,SS,Extension,11,52.81,569.43,DEMO,SYNTHETIC DEMO DATA - REPLACE BEFORE REAL USE,,2.0,105,0,0,4.61,152.0,167.2,0.354,0.543,0.24,13.4,21.9,-6.7,2.4,91.4,11.6,45.0,32.1,23.9,,,,,,,,60
DEMO-10003-2024-2,10003,Demo Hitter 003,2024,25.0,25.0,Hitter,SS,Arbitration,1,14.91,14.91,DEMO,SYNTHETIC DEMO DATA - REPLACE BEFORE REAL USE,,5.0,28,0,0,3.19,133.6,131.8,0.348,0.43,0.223,11.5,22.2,3.7,3.3,91.2,11.1,42.6,27.8,24.4,,,,,,,,55
DEMO-10004-2014-3,10004,Demo Hitter 004,2014,23.0,23.0,Hitter,3B,Free Agent,11,44.78,467.95,DEMO,SYNTHETIC DEMO DATA - REPLACE BEFORE REAL USE,,3.0,10,0,0,4.54,136.3,142.6,0.367,0.489,0.197,11.5,11.9,-1.6,-2.7,89.9,12.7,49.7,31.5,27.7,,,,,,,,55
DEMO-10005-2020-4,10005,Demo Hitter 005,2020,27.0,27.0,Hitter,DH,Extension,5,56.51,281.37,DEMO,SYNTHETIC DEMO DATA - REPLACE BEFORE REAL USE,,2.0,44,0,0,4.85,164.1,156.3,0.37,0.522,0.235,11.2,13.8,-4.8,-1.8,90.2,12.5,46.5,25.8,24.7,,,,,,,,50
DEMO-10005-2025-5,10005,Demo Hitter 005,2025,32.0,32.0,Hitter,DH,Arbitration,1,13.22,13.22,DEMO,SYNTHETIC DEMO DATA - REPLACE BEFORE REAL USE,,7.0,84,0,0,3.31,144.9,135.1,0.352,0.424,0.205,8.3,15.2,3.9,0.5,87.7,10.0,47.6,21.7,24.2,,,,,,,,50
DEMO-10006-2010-6,10006,Demo Hitter 006,2010,29.0,29.0,Hitter,2B,Extension,6,17.95,97.37,DEMO,SYNTHETIC DEMO DATA - REPLACE BEFORE REAL USE,,2.0,57,0,0,1.23,104.4,115.9,0.321,0.426,0.131,7.8,27.3,-3.0,-0.7,88.2,10.1,47.3,24.2,29.2,,,,,,,,60
DEMO-10007-2017-7,10007,Demo Hitter 007,2017,34.0,34.0,Hitter,DH,Arbitration,1,8.41,8.41,DEMO,SYNTHETIC DEMO DATA - REPLACE BEFORE REAL USE,,7.0,54,0,0,2.3,110.1,139.5,0.327,0.489,0.159,8.0,23.2,-6.1,2.0,86.6,9.0,40.9,33.6,24.2,,,,,,,,65
DEMO-10008-2020-8,10008,Demo Hitter 008,2020,30.0,30.0,Hitter,RF,Extension,3,36.73,104.69,DEMO,SYNTHETIC DEMO DATA - REPLACE BEFORE REAL USE,,7.0,33,0,0,3.23,131.4,141.4,0.355,0.454,0.2,11.7,21.8,0.9,1.6,91.3,13.6,39.8,26.5,23.4,,,,,,,,65
DEMO-10009-2015-9,10009,Demo Hitter 009,2015,23.0,23.0,Hitter,RF,Free Agent,8,42.95,277.03,DEMO,SYNTHETIC DEMO DATA - REPLACE BEFORE REAL USE,,2.0,83,1,0,5.12,164.9,160.1,0.385,0.594,0.236,9.6,19.0,-2.3,2.2,89.9,11.8,40.9,23.5,22.3,,,,,,,,60
DEMO-10009-2016-10,10009,Demo Hitter 009,2016,24.0,24.0,Hitter,RF,Free Agent,6,41.49,215.24,DEMO,SYNTHETIC DEMO DATA - REPLACE BEFORE REAL USE,,3.0,0,1,0,4.21,143.6,145.6,0.343,0.485,0.204,11.8,17.1,0.3,-1.3,92.0,11.5,47.3,32.8,23.6,,,,,,,,60
DEMO-10010-2019-11,10010,Demo Hitter 010,2019,28.0,28.0,Hitter,RF,Free Agent,6,29.71,161.73,DEMO,SYNTHETIC DEMO DATA - REPLACE BEFORE REAL USE,,3.0,49,0,0,1.66,118.6,108.5,0.324,0.412,0.158,11.4,21.0,-9.4,-0.0,88.8,10.9,38.6,33.2,24.5,,,,,,,,55
DEMO-10010-2023-12,10010,Demo Hitter 010,2023,32.0,32.0,Hitter,RF,Free Agent,3,16.8,50.04,DEMO,SYNTHETIC DEMO DATA - REPLACE BEFORE REAL USE,,7.0,93,0,0,0.72,107.4,105.7,0.32,0.395,0.122,12.0,25.7,-2.3,0.6,85.8,5.2,32.2,30.4,23.2,,,,,,,,55
DEMO-10011-2011-13,10011,Demo Hitter 011,2011,25.0,25.0,Hitter,CF,Free Agent,9,37.14,275.14,DEMO,SYNTHETIC DEMO DATA - REPLACE BEFORE REAL USE,,2.0,23,0,0,3.52,132.0,129.5,0.357,0.492,0.231,12.6,23.9,5.1,3.4,87.7,11.2,44.6,29.8,24.3,,,,,,,,60
DEMO-10012-2015-14,10012,Demo Hitter 012,2015,34.0,34.0,Hitter,DH,Extension,4,28.68,103.3,DEMO,SYNTHETIC DEMO DATA - REPLACE BEFORE REAL USE,,7.0,69,0,0,2.92,135.2,121.1,0.341,0.402,0.202,8.9,18.7,5.3,-0.9,89.0,10.0,35.0,24.8,21.9,,,,,,,,55
DEMO-10013-2017-15,10013,Demo Hitter 013,2017,23.0,23.0,Hitter,2B,Extension,10,52.94,510.22,DEMO,SYNTHETIC DEMO DATA - REPLACE BEFORE REAL USE,,3.0,0,0,0,4.21,152.9,144.1,0.375,0.501,0.208,8.3,17.5,0.1,3.2,91.3,9.2,41.4,27.5,22.4,,,,,,,,55
DEMO-10014-2014-16,10014,Demo Hitter 014,2014,30.0,30.0,Hitter,LF,Free Agent,5,46.58,222.7,DEMO,SYNTHETIC DEMO DATA - REPLACE BEFORE REAL USE,,3.0,0,0,0,4.28,146.4,141.8,0.365,0.46,0.244,8.8,20.1,1.6,-3.0,91.4,15.5,41.2,27.3,24.5,,,,,,,,55
DEMO-10015-2023-17,10015,Demo Hitter 015,2023,36.0,36.0,Hitter,LF,Extension,2,14.36,27.39,DEMO,SYNTHETIC DEMO DATA - REPLACE BEFORE REAL USE,,9.0,0,0,0,0.82,101.8,125.4,0.31,0.412,0.212,7.5,18.6,-11.5,1.9,85.5,6.8,42.1,30.9,23.6,,,,,,,,60
DEMO-10016-2019-18,10016,Demo Hitter 016,2019,25.0,25.0,Hitter,RF,Extension,5,58.16,249.08,DEMO,SYNTHETIC DEMO DATA - REPLACE BEFORE REAL USE,,4.0,1,0,0,5.7,150.9,164.8,0.34,0.525,0.215,12.2,19.4,7.3,-1.3,88.3,13.9,50.6,26.5,23.9,,,,,,,,65
DEMO-10017-2019-19,10017,Demo Hitter 017,2019,31.0,31.0,Hitter,2B,Free Agent,4,47.89,192.26,DEMO,SYNTHETIC DEMO DATA - REPLACE BEFORE REAL USE,,4.0,0,0,0,4.26,138.7,138.2,0.362,0.51,0.184,10.9,23.2,4.2,-2.4,90.0,15.3,45.8,25.5,21.0,,,,,,,,60
DEMO-10017-2023-20,10017,Demo Hitter 017,2023,35.0,35.0,Hitter,2B,Extension,1,19.32,19.32,DEMO,SYNTHETIC DEMO DATA - REPLACE BEFORE REAL USE,,8.0,62,0,1,1.3,123.7,108.2,0.329,0.408,0.144,8.4,18.9,0.4,-1.1,89.3,7.9,37.9,31.8,22.7,,,,,,,,60
DEMO-10018-2022-21,10018,Demo Hitter 018,2022,23.0,23.0,Hitter,C,Free Agent,7,59.58,375.21,DEMO,SYNTHETIC DEMO DATA - REPLACE BEFORE REAL USE,,3.0,0,0,0,4.86,158.2,156.0,0.37,0.498,0.258,10.3,19.8,4.1,1.4,93.3,13.8,42.6,24.4,21.4,,,,,,,,70
DEMO-10018-2021-22,10018,Demo Hitter 018,2021,22.0,22.0,Hitter,C,Extension,9,60.68,498.69,DEMO,SYNTHETIC DEMO DATA - REPLACE BEFORE REAL USE,,2.0,0,0,0,5.37,157.0,154.1,0.371,0.515,0.26,11.3,21.5,4.9,2.5,92.1,12.5,51.1,26.7,21.7,,,,,,,,70
DEMO-10019-2024-23,10019,Demo Hitter 019,2024,24.0,24.0,Hitter,DH,Free Agent,10,64.26,610.96,DEMO,SYNTHETIC DEMO DATA - REPLACE BEFORE REAL USE,,3.0,35,0,0,5.04,167.5,161.4,0.348,0.548,0.211,10.2,12.9,2.0,-2.4,91.3,12.7,44.8,26.6,19.6,,,,,,,,50
DEMO-10020-2020-24,10020,Demo Hitter 020,2020,28.0,28.0,Hitter,LF,Extension,5,53.5,254.06,DEMO,SYNTHETIC DEMO DATA - REPLACE BEFORE REAL USE,,2.0,67,0,0,5.19,163.0,144.8,0.34,0.495,0.263,11.9,17.6,-4.6,-0.8,91.9,17.4,47.5,31.7,21.2,,,,,,,,65
DEMO-10021-2013-25,10021,Demo Hitter 021,2013,30.0,30.0,Hitter,DH,Free Agent,8,33.59,254.45,DEMO,SYNTHETIC DEMO DATA - REPLACE BEFORE REAL USE,,3.0,8,0,0,3.21,149.1,133.9,0.346,0.467,0.188,9.5,21.1,2.4,-0.7,91.8,10.0,45.0,29.4,20.1,,,,,,,,45
DEMO-10022-2022-26,10022,Demo Hitter 022,2022,25.0,25.0,Hitter,DH,Free Agent,8,48.18,342.18,DEMO,SYNTHETIC DEMO DATA - REPLACE BEFORE REAL USE,,4.0,44,0,0,3.16,123.8,129.8,0.385,0.452,0.187,8.3,21.0,4.4,3.2,85.1,8.7,38.3,26.9,21.2,,,,,,,,50
DEMO-10023-2024-27,10023,Demo Hitter 023,2024,27.0,27.0,Hitter,2B,Free Agent,5,32.45,145.2,DEMO,SYNTHETIC DEMO DATA - REPLACE BEFORE REAL USE,,5.0,59,0,0,1.67,112.1,114.9,0.323,0.418,0.187,8.1,22.4,-5.2,1.4,88.3,8.1,41.1,31.1,30.1,,,,,,,,55
DEMO-10023-2021-28,10023,Demo Hitter 023,2021,24.0,24.0,Hitter,2B,Free Agent,10,44.5,405.93,DEMO,SYNTHETIC DEMO DATA - REPLACE BEFORE REAL USE,,2.0,52,0,0,2.69,129.2,143.2,0.35,0.424,0.223,10.1,21.5,3.4,0.1,89.8,11.1,40.6,31.3,25.7,,,,,,,,55
DEMO-10024-2014-29,10024,Demo Hitter 024,2014,31.0,31.0,Hitter,SS,Arbitration,1,10.93,10.93,DEMO,SYNTHETIC DEMO DATA - REPLACE BEFORE REAL USE,,6.0,6,0,0,3.35,152.6,131.8,0.341,0.462,0.194,10.2,23.0,2.2,1.0,91.6,13.1,44.3,25.4,22.6,,,,,,,,45
DEMO-10024-2015-30,10024,Demo Hitter 024,2015,32.0,32.0,Hitter,SS,Free Agent,7,15.86,109.22,DEMO,SYNTHETIC DEMO DATA - REPLACE BEFORE REAL USE,,7.0,0,0,0,2.11,126.8,123.2,0.331,0.414,0.179,9.0,24.9,0.3,0.7,87.9,9.2,40.0,28.3,28.9,,,,,,,,45
DEMO-10025-2016-31,10025,Demo Hitter 025,2016,29.0,29.0,Hitter,3B,Free Agent,7,37.96,243.34,DEMO,SYNTHETIC DEMO DATA - REPLACE BEFORE REAL USE,,2.0,0,0,0,3.59,118.8,127.8,0.347,0.496,0.23,11.9,23.4,1.2,2.0,90.2,11.1,44.1,25.6,24.7,,,,,,,,60
DEMO-10026-2020-32,10026,Demo Hitter 026,2020,27.0,27.0,Hitter,LF,Arbitration,1,15.12,15.12,DEMO,SYNTHETIC DEMO DATA - REPLACE BEFORE REAL USE,,4.0,0,0,0,3.25,128.0,125.6,0.332,0.482,0.217,9.6,23.5,-1.0,-1.4,89.6,11.7,41.2,23.8,18.7,,,,,,,,50
DEMO-10027-2010-33,10027,Demo Hitter 027,2010,24.0,24.0,Hitter,DH,Arbitration,1,13.05,13.05,DEMO,SYNTHETIC DEMO DATA - REPLACE BEFORE REAL USE,,2.0,36,0,0,4.19,149.1,138.4,0.35,0.497,0.208,11.3,17.9,-1.0,0.8,90.9,8.7,43.4,28.3,20.0,,,,,,,,55
DEMO-10028-2021-34,10028,Demo Hitter 028,2021,28.0,28.0,Hitter,RF,Free Agent,5,51.85,240.21,DEMO,SYNTHETIC DEMO DATA - REPLACE BEFORE REAL USE,,8.0,25,0,0,4.18,162.8,147.5,0.362,0.481,0.229,11.5,17.5,2.9,-2.3,89.0,10.0,48.3,30.8,26.1,,,,,,,,50
DEMO-10028-2020-35,10028,Demo Hitter 028,2020,27.0,27.0,Hitter,RF,Extension,7,51.45,339.16,DEMO,SYNTHETIC DEMO DATA - REPLACE BEFORE REAL USE,,7.0,81,0,0,4.3,151.5,135.4,0.344,0.493,0.221,12.7,19.9,5.5,-1.5,91.3,14.2,43.9,27.8,22.9,,,,,,,,50
DEMO-10029-2017-36,10029,Demo Hitter 029,2017,28.0,28.0,Hitter,1B,Free Agent,5,41.52,218.51,DEMO,SYNTHETIC DEMO DATA - REPLACE BEFORE REAL USE,,6.0,41,0,0,4.18,146.4,131.8,0.337,0.508,0.224,11.9,21.7,1.0,2.9,92.7,15.5,43.9,30.8,23.2,,,,,,,,50
DEMO-10030-2019-37,10030,Demo Hitter 030,2019,31.0,31.0,Hitter,3B,Extension,5,45.87,216.04,DEMO,SYNTHETIC DEMO DATA - REPLACE BEFORE REAL USE,,8.0,39,0,0,3.94,129.8,140.0,0.362,0.484,0.257,12.0,18.5,-1.7,-0.8,88.3,11.1,48.9,26.6,28.6,,,,,,,,60
DEMO-10031-2016-38,10031,Demo Hitter 031,2016,26.0,26.0,Hitter,3B,Free Agent,8,56.73,407.02,DEMO,SYNTHETIC DEMO DATA - REPLACE BEFORE REAL USE,,2.0,0,0,0,5.45,158.6,143.0,0.356,0.462,0.252,13.2,21.1,0.3,2.2,91.6,11.0,53.3,25.1,24.2,,,,,,,,55
DEMO-10032-2019-39,10032,Demo Hitter 032,2019,24.0,24.0,Hitter,RF,Extension,10,47.46,464.69,DEMO,SYNTHETIC DEMO DATA - REPLACE BEFORE REAL USE,,3.0,0,0,0,4.98,172.6,154.3,0.363,0.498,0.226,14.9,23.6,-6.1,-1.6,89.9,12.5,52.1,27.9,19.5,,,,,,,,60
DEMO-10033-2016-40,10033,Demo Hitter 033,2016,24.0,24.0,Hitter,RF,Extension,9,43.77,380.56,DEMO,SYNTHETIC DEMO DATA - REPLACE BEFORE REAL USE,,2.0,0,0,0,4.43,149.9,149.8,0.399,0.48,0.25,9.2,18.5,-2.1,-1.3,90.7,10.4,43.1,31.2,23.0,,,,,,,,55
DEMO-10033-2017-41,10033,Demo Hitter 033,2017,25.0,25.0,Hitter,RF,Free Agent,8,35.11,272.43,DEMO,SYNTHETIC DEMO DATA - REPLACE BEFORE REAL USE,,3.0,100,0,0,3.6,136.1,138.8,0.33,0.458,0.185,11.3,20.1,7.0,-2.1,90.1,10.6,43.5,29.9,18.7,,,,,,,,55
DEMO-10034-2021-42,10034,Demo Hitter 034,2021,33.0,33.0,Hitter,1B,Extension,1,15.17,15.17,DEMO,SYNTHETIC DEMO DATA - REPLACE BEFORE REAL USE,,8.0,41,0,0,0.63,115.8,98.2,0.332,0.411,0.175,6.6,27.5,3.3,-3.5,88.2,11.1,32.8,31.0,25.9,,,,,,,,60
DEMO-10035-2021-43,10035,Demo Hitter 035,2021,30.0,30.0,Hitter,1B,Free Agent,6,34.45,183.2,DEMO,SYNTHETIC DEMO DATA - REPLACE BEFORE REAL USE,,5.0,47,0,0,2.48,129.2,131.1,0.344,0.47,0.2,11.4,17.2,4.5,1.2,88.3,13.0,35.8,27.9,23.9,,,,,,,,50
DEMO-10036-2020-44,10036,Demo Hitter 036,2020,23.0,23.0,Hitter,LF,Free Agent,12,61.66,676.95,DEMO,SYNTHETIC DEMO DATA - REPLACE BEFORE REAL USE,,2.0,17,0,0,5.26,153.7,156.9,0.351,0.52,0.225,9.8,21.3,2.2,0.0,91.5,14.5,52.2,28.1,17.0,,,,,,,,70
DEMO-10036-2022-45,10036,Demo Hitter 036,2022,25.0,25.0,Hitter,LF,Free Agent,7,47.8,289.8,DEMO,SYNTHETIC DEMO DATA - REPLACE BEFORE REAL USE,,4.0,0,0,0,4.92,153.9,149.7,0.357,0.456,0.228,10.9,21.3,4.7,5.0,91.5,14.4,48.4,27.1,23.5,,,,,,,,70
DEMO-10037-2015-46,10037,Demo Hitter 037,2015,28.0,28.0,Hitter,1B,Extension,7,36.48,259.49,DEMO,SYNTHETIC DEMO DATA - REPLACE BEFORE REAL USE,,2.0,0,0,0,3.82,153.7,146.4,0.382,0.465,0.218,14.2,23.0,1.6,0.0,89.8,13.0,45.1,33.5,22.2,,,,,,,,55
DEMO-10038-2012-47,10038,Demo Hitter 038,2012,27.0,27.0,Hitter,RF,Arbitration,1,9.19,9.23,DEMO,SYNTHETIC DEMO DATA - REPLACE BEFORE REAL USE,,2.0,120,0,0,2.51,143.6,131.1,0.338,0.421,0.212,8.9,21.3,2.0,-5.0,89.4,11.3,40.7,20.7,25.5,,,,,,,,50
DEMO-10039-2015-48,10039,Demo Hitter 039,2015,22.0,22.0,Hitter,1B,Free Agent,9,74.49,608.86,DEMO,SYNTHETIC DEMO DATA - REPLACE BEFORE REAL USE,,2.0,34,0,0,7.94,197.8,171.9,0.386,0.577,0.276,12.9,14.5,-0.3,-1.4,92.1,17.9,53.0,22.0,23.1,,,,,,,,75
DEMO-10040-2015-49,10040,Demo Hitter 040,2015,31.0,31.0,Hitter,C,Free Agent,6,43.36,250.21,DEMO,SYNTHETIC DEMO DATA - REPLACE BEFORE REAL USE,,6.0,38,0,0,4.48,153.8,150.8,0.358,0.482,0.246,9.8,17.7,-8.0,3.3,92.5,11.0,42.3,26.4,22.9,,,,,,,,60
DEMO-10041-2023-50,10041,Demo Hitter 041,2023,30.0,30.0,Hitter,1B,Extension,7,35.44,247.23,DEMO,SYNTHETIC DEMO DATA - REPLACE BEFORE REAL USE,,5.0,0,0,0,2.95,137.2,142.8,0.349,0.438,0.215,8.5,20.2,7.1,1.0,92.0,9.3,35.9,30.8,29.2,,,,,,,,50
DEMO-10042-2011-51,10042,Demo Hitter 042,2011,29.0,29.0,Hitter,CF,Free Agent,7,32.97,216.51,DEMO,SYNTHETIC DEMO DATA - REPLACE BEFORE REAL USE,,2.0,64,0,0,4.18,150.3,143.1,0.354,0.504,0.212,8.6,18.4,-1.7,2.6,90.1,12.8,42.7,24.5,26.8,,,,,,,,45
DEMO-10043-2015-52,10043,Demo Hitter 043,2015,28.0,28.0,Hitter,2B,Extension,5,55.96,270.88,DEMO,SYNTHETIC DEMO DATA - REPLACE BEFORE REAL USE,,2.0,0,0,0,6.03,156.9,167.0,0.381,0.518,0.246,11.8,12.8,-5.1,-4.0,90.4,11.3,44.8,27.7,29.0,,,,,,,,70
DEMO-10044-2023-53,10044,Demo Hitter 044,2023,24.0,24.0,Hitter,3B,Extension,10,50.44,447.37,DEMO,SYNTHETIC DEMO DATA - REPLACE BEFORE REAL USE,,2.0,0,0,0,3.41,141.6,131.3,0.353,0.416,0.203,12.0,23.7,2.0,-2.3,91.3,9.5,37.3,27.3,21.0,,,,,,,,60
DEMO-10045-2020-54,10045,Demo Hitter 045,2020,25.0,25.0,Hitter,LF,Free Agent,9,47.39,377.34,DEMO,SYNTHETIC DEMO DATA - REPLACE BEFORE REAL USE,,5.0,0,0,0,3.45,162.8,123.9,0.347,0.463,0.218,8.9,16.5,-4.7,-0.8,88.5,7.4,47.7,28.0,23.9,,,,,,,,55
DEMO-10045-2019-55,10045,Demo Hitter 045,2019,24.0,24.0,Hitter,LF,Free Agent,10,56.85,482.68,DEMO,SYNTHETIC DEMO DATA - REPLACE BEFORE REAL USE,,4.0,0,0,0,4.41,160.3,140.6,0.354,0.438,0.227,11.6,21.1,3.6,3.2,90.0,13.3,41.7,35.5,26.8,,,,,,,,55
DEMO-10046-2019-56,10046,Demo Hitter 046,2019,31.0,31.0,Hitter,2B,Extension,1,53.4,53.4,DEMO,SYNTHETIC DEMO DATA - REPLACE BEFORE REAL USE,,5.0,43,0,0,4.99,147.7,145.7,0.375,0.483,0.229,11.7,19.4,9.8,0.5,92.1,13.8,48.3,28.4,24.2,,,,,,,,60
DEMO-10047-2012-57,10047,Demo Hitter 047,2012,27.0,27.0,Hitter,3B,Extension,8,22.8,180.34,DEMO,SYNTHETIC DEMO DATA - REPLACE BEFORE REAL USE,,3.0,104,0,0,2.84,136.0,140.4,0.331,0.443,0.196,9.5,16.5,5.8,1.6,88.1,12.8,42.6,28.5,25.2,,,,,,,,55
DEMO-10048-2022-58,10048,Demo Hitter 048,2022,28.0,28.0,Hitter,2B,Extension,6,30.35,151.36,DEMO,SYNTHETIC DEMO DATA - REPLACE BEFORE REAL USE,,4.0,66,0,0,2.36,117.4,116.0,0.321,0.454,0.204,8.4,22.1,-1.2,-3.1,89.9,9.0,39.9,30.4,26.1,,,,,,,,55
DEMO-10049-2024-59,10049,Demo Hitter 049,2024,30.0,30.0,Hitter,DH,Free Agent,4,45.49,180.53,DEMO,SYNTHETIC DEMO DATA - REPLACE BEFORE REAL USE,,4.0,93,0,0,3.57,145.6,139.5,0.348,0.463,0.199,8.8,14.7,5.4,0.2,88.7,9.6,38.7,33.0,17.5,,,,,,,,55
DEMO-10050-2017-60,10050,Demo Hitter 050,2017,27.0,27.0,Hitter,SS,Free Agent,7,59.76,426.12,DEMO,SYNTHETIC DEMO DATA - REPLACE BEFORE REAL USE,,6.0,65,0,0,6.0,180.8,164.7,0.383,0.513,0.238,14.0,19.4,6.0,3.6,91.3,13.0,46.5,33.5,24.7,,,,,,,,65
DEMO-10051-2018-61,10051,Demo Hitter 051,2018,26.0,26.0,Hitter,SS,Free Agent,6,57.46,326.64,DEMO,SYNTHETIC DEMO DATA - REPLACE BEFORE REAL USE,,2.0,54,0,1,5.81,153.6,156.5,0.385,0.512,0.238,12.5,19.7,-6.1,4.6,91.2,16.6,43.5,29.4,23.7,,,,,,,,75
DEMO-10052-2011-62,10052,Demo Hitter 052,2011,25.0,25.0,Hitter,SS,Extension,8,32.65,226.08,DEMO,SYNTHETIC DEMO DATA - REPLACE BEFORE REAL USE,,3.0,23,0,0,3.86,126.9,139.1,0.353,0.459,0.253,11.0,20.9,2.3,4.9,89.2,9.2,39.4,29.5,27.5,,,,,,,,50
DEMO-10053-2021-63,10053,Demo Hitter 053,2021,23.0,23.0,Hitter,SS,Free Agent,11,43.73,512.2,DEMO,SYNTHETIC DEMO DATA - REPLACE BEFORE REAL USE,,2.0,93,0,0,4.13,141.6,133.5,0.37,0.505,0.216,10.8,14.8,-0.9,-3.7,89.4,13.7,43.4,28.2,27.8,,,,,,,,55
DEMO-10054-2023-64,10054,Demo Hitter 054,2023,25.0,25.0,Hitter,CF,Extension,6,31.07,166.98,DEMO,SYNTHETIC DEMO DATA - REPLACE BEFORE REAL USE,,2.0,0,0,0,2.18,127.3,115.6,0.314,0.413,0.192,8.6,19.2,-3.7,-0.1,88.9,8.5,39.9,29.0,27.2,,,,,,,,55
DEMO-10054-2024-65,10054,Demo Hitter 054,2024,26.0,26.0,Hitter,CF,Extension,7,28.4,183.18,DEMO,SYNTHETIC DEMO DATA - REPLACE BEFORE REAL USE,,3.0,2,0,0,2.52,123.0,118.2,0.341,0.453,0.2,9.5,19.4,-1.8,-3.2,87.5,6.6,46.5,29.7,21.6,,,,,,,,55
DEMO-10055-2012-66,10055,Demo Hitter 055,2012,29.0,29.0,Hitter,1B,Extension,9,39.03,299.5,DEMO,SYNTHETIC DEMO DATA - REPLACE BEFORE REAL USE,,2.0,92,0,0,4.22,151.5,145.4,0.375,0.482,0.256,10.6,17.4,1.1,2.2,89.3,7.4,46.2,26.9,23.9,,,,,,,,70
DEMO-10056-2013-67,10056,Demo Hitter 056,2013,26.0,26.0,Hitter,RF,Extension,10,42.55,406.33,DEMO,SYNTHETIC DEMO DATA - REPLACE BEFORE REAL USE,,3.0,10,0,0,4.36,155.2,140.3,0.366,0.493,0.207,14.4,21.3,-8.3,-3.2,89.2,12.9,54.3,24.3,24.8,,,,,,,,50
DEMO-10057-2013-68,10057,Demo Hitter 057,2013,29.0,29.0,Hitter,3B,Free Agent,7,15.55,106.31,DEMO,SYNTHETIC DEMO DATA - REPLACE BEFORE REAL USE,,2.0,68,0,0,1.5,116.1,114.8,0.327,0.437,0.177,10.2,19.8,0.3,2.7,87.0,7.2,40.7,31.9,25.8,,,,,,,,45
DEMO-10058-2016-69,10058,Demo Hitter 058,2016,29.0,29.0,Hitter,1B,Free Agent,7,64.4,434.89,DEMO,SYNTHETIC DEMO DATA - REPLACE BEFORE REAL USE,,2.0,31,0,0,7.19,184.8,176.9,0.37,0.545,0.283,12.7,17.3,7.9,-1.9,91.3,18.0,47.9,27.4,21.5,,,,,,,,65
DEMO-10059-2011-70,10059,Demo Hitter 059,2011,29.0,29.0,Hitter,RF,Free Agent,9,26.12,221.0,DEMO,SYNTHETIC DEMO DATA - REPLACE BEFORE REAL USE,,3.0,23,0,0,3.28,126.4,128.9,0.31,0.438,0.173,10.0,25.9,7.0,1.6,89.3,12.5,41.0,25.6,24.8,,,,,,,,55
DEMO-10060-2015-71,10060,Demo Hitter 060,2015,29.0,29.0,Hitter,C,Extension,7,13.31,87.76,DEMO,SYNTHETIC DEMO DATA - REPLACE BEFORE REAL USE,,5.0,78,0,0,1.04,121.7,123.1,0.323,0.402,0.143,10.6,26.7,1.3,-1.3,87.6,7.1,42.4,29.2,24.1,,,,,,,,55
DEMO-10061-2022-72,10061,Demo Hitter 061,2022,25.0,25.0,Hitter,1B,Extension,7,48.27,303.95,DEMO,SYNTHETIC DEMO DATA - REPLACE BEFORE REAL USE,,2.0,63,0,0,4.01,139.7,153.1,0.342,0.499,0.215,11.3,20.3,2.8,2.9,91.2,11.7,40.9,28.1,23.2,,,,,,,,60
DEMO-10061-2023-73,10061,Demo Hitter 061,2023,26.0,26.0,Hitter,1B,Extension,4,43.1,170.72,DEMO,SYNTHETIC DEMO DATA - REPLACE BEFORE REAL USE,,3.0,74,0,0,3.83,144.6,145.2,0.354,0.459,0.236,10.2,18.4,-7.2,-0.4,92.5,16.0,48.0,28.5,20.9,,,,,,,,60
DEMO-10062-2025-74,10062,Demo Hitter 062,2025,30.0,30.0,Hitter,C,Extension,6,38.1,201.25,DEMO,SYNTHETIC DEMO DATA - REPLACE BEFORE REAL USE,,7.0,99,0,0,2.94,130.1,124.9,0.362,0.445,0.18,7.4,18.5,2.3,2.2,90.2,12.7,36.9,28.5,26.5,,,,,,,,55
DEMO-10062-2023-75,10062,Demo Hitter 062,2023,28.0,28.0,Hitter,C,Extension,8,45.99,351.05,DEMO,SYNTHETIC DEMO DATA - REPLACE BEFORE REAL USE,,5.0,0,0,0,3.7,155.0,142.8,0.365,0.457,0.187,8.7,22.1,-1.3,2.4,90.3,10.1,47.5,34.1,21.9,,,,,,,,55
DEMO-10063-2018-76,10063,Demo Hitter 063,2018,26.0,26.0,Hitter,SS,Extension,9,44.3,367.77,DEMO,SYNTHETIC DEMO DATA - REPLACE BEFORE REAL USE,,2.0,8,0,0,3.97,135.9,142.6,0.338,0.468,0.185,12.5,21.9,0.6,-0.7,92.8,11.1,45.5,29.9,14.3,,,,,,,,50
DEMO-10064-2018-77,10064,Demo Hitter 064,2018,26.0,26.0,Hitter,1B,Extension,7,42.95,286.1,DEMO,SYNTHETIC DEMO DATA - REPLACE BEFORE REAL USE,,4.0,0,0,0,4.32,163.5,150.7,0.36,0.484,0.214,9.8,17.3,4.1,2.2,88.7,15.5,42.9,25.1,16.8,,,,,,,,50
DEMO-10064-2021-78,10064,Demo Hitter 064,2021,29.0,29.0,Hitter,1B,Extension,7,54.73,355.96,DEMO,SYNTHETIC DEMO DATA - REPLACE BEFORE REAL USE,,7.0,73,0,0,5.17,153.3,147.5,0.337,0.529,0.244,13.0,15.7,-2.4,0.3,93.1,13.1,51.9,24.5,21.7,,,,,,,,50
DEMO-10065-2014-79,10065,Demo Hitter 065,2014,26.0,26.0,Hitter,1B,Extension,8,36.7,270.17,DEMO,SYNTHETIC DEMO DATA - REPLACE BEFORE REAL USE,,3.0,100,0,0,3.82,137.4,138.7,0.332,0.486,0.222,13.0,17.8,-0.4,-2.6,92.2,10.7,37.5,22.6,22.4,,,,,,,,50
DEMO-10066-2016-80,10066,Demo Hitter 066,2016,27.0,27.0,Hitter,2B,Extension,8,51.76,380.57,DEMO,SYNTHETIC DEMO DATA - REPLACE BEFORE REAL USE,,5.0,53,0,0,5.34,162.7,144.9,0.392,0.537,0.247,11.5,15.7,4.7,1.2,89.8,12.8,50.8,24.2,24.3,,,,,,,,70
DEMO-10067-2017-81,10067,Demo Hitter 067,2017,24.0,24.0,Hitter,3B,Free Agent,8,15.46,120.89,DEMO,SYNTHETIC DEMO DATA - REPLACE BEFORE REAL USE,,3.0,19,0,0,1.42,114.2,114.1,0.329,0.386,0.171,8.1,20.0,-8.1,0.1,92.2,9.3,31.8,31.9,25.2,,,,,,,,60
DEMO-10067-2016-82,10067,Demo Hitter 067,2016,23.0,23.0,Hitter,3B,Free Agent,12,17.06,192.52,DEMO,SYNTHETIC DEMO DATA - REPLACE BEFORE REAL USE,,2.0,75,0,0,1.22,98.2,108.4,0.32,0.419,0.158,8.1,22.6,-2.0,3.9,85.4,7.6,37.5,31.6,27.3,,,,,,,,60
DEMO-10068-2020-83,10068,Demo Hitter 068,2020,30.0,30.0,Hitter,C,Free Agent,4,56.71,215.44,DEMO,SYNTHETIC DEMO DATA - REPLACE BEFORE REAL USE,,3.0,39,0,0,4.9,132.3,148.8,0.356,0.488,0.174,10.0,23.2,4.8,-1.5,90.9,11.0,48.8,20.9,20.9,,,,,,,,60
DEMO-10069-2025-84,10069,Demo Hitter 069,2025,26.0,26.0,Hitter,CF,Extension,10,50.54,492.67,DEMO,SYNTHETIC DEMO DATA - REPLACE BEFORE REAL USE,,5.0,1,0,0,3.68,145.6,114.8,0.34,0.422,0.205,11.3,18.5,0.3,0.7,90.5,9.4,42.0,26.9,25.8,,,,,,,,60
DEMO-10070-2022-85,10070,Demo Hitter 070,2022,28.0,28.0,Hitter,RF,Extension,7,32.46,204.95,DEMO,SYNTHETIC DEMO DATA - REPLACE BEFORE REAL USE,,2.0,13,0,0,2.62,139.2,105.7,0.356,0.414,0.151,6.1,23.9,1.1,-1.8,87.4,7.6,37.2,34.0,22.2,,,,,,,,55
DEMO-10071-2012-86,10071,Demo Hitter 071,2012,24.0,24.0,Hitter,RF,Free Agent,9,23.6,212.78,DEMO,SYNTHETIC DEMO DATA - REPLACE BEFORE REAL USE,,3.0,63,0,0,3.18,131.3,123.1,0.341,0.427,0.188,9.5,22.8,3.4,0.4,88.6,13.2,43.0,27.7,21.6,,,,,,,,50
DEMO-10072-2012-87,10072,Demo Hitter 072,2012,29.0,29.0,Hitter,1B,Free Agent,8,31.93,242.2,DEMO,SYNTHETIC DEMO DATA - REPLACE BEFORE REAL USE,,4.0,17,0,0,3.06,136.5,118.2,0.33,0.45,0.203,10.7,20.5,-2.2,-0.6,89.2,5.9,41.5,30.3,18.3,,,,,,,,65
DEMO-10073-2017-88,10073,Demo Hitter 073,2017,30.0,30.0,Hitter,SS,Extension,6,40.66,246.13,DEMO,SYNTHETIC DEMO DATA - REPLACE BEFORE REAL USE,,4.0,38,0,0,3.77,148.2,128.3,0.35,0.488,0.195,8.6,17.9,3.6,1.5,89.4,11.0,52.7,28.5,17.2,,,,,,,,60
DEMO-10074-2015-89,10074,Demo Hitter 074,2015,31.0,31.0,Hitter,3B,Free Agent,2,13.42,24.75,DEMO,SYNTHETIC DEMO DATA - REPLACE BEFORE REAL USE,,4.0,31,0,0,1.46,116.0,119.6,0.329,0.429,0.196,10.1,20.9,0.1,1.5,85.6,7.4,38.0,25.3,25.2,,,,,,,,55
DEMO-10075-2013-90,10075,Demo Hitter 075,2013,26.0,26.0,Hitter,SS,Extension,5,49.16,221.43,DEMO,SYNTHETIC DEMO DATA - REPLACE BEFORE REAL USE,,2.0,27,0,0,5.12,162.6,148.0,0.357,0.469,0.239,12.7,19.8,3.3,-3.7,90.1,13.8,51.4,27.8,24.9,,,,,,,,65
DEMO-10076-2023-91,10076,Demo Hitter 076,2023,23.0,23.0,Hitter,1B,Extension,10,73.12,708.37,DEMO,SYNTHETIC DEMO DATA - REPLACE BEFORE REAL USE,,3.0,46,0,0,5.41,154.3,161.2,0.332,0.493,0.227,13.6,16.2,5.5,0.3,89.4,11.9,47.3,29.9,20.2,,,,,,,,60
DEMO-10076-2025-92,10076,Demo Hitter 076,2025,25.0,25.0,Hitter,1B,Free Agent,8,69.02,492.7,DEMO,SYNTHETIC DEMO DATA - REPLACE BEFORE REAL USE,,5.0,33,0,0,5.98,160.8,158.0,0.408,0.535,0.265,12.8,17.5,-6.4,1.0,91.8,12.6,48.6,27.6,19.8,,,,,,,,60
DEMO-10077-2023-93,10077,Demo Hitter 077,2023,26.0,26.0,Hitter,1B,Extension,7,70.37,443.9,DEMO,SYNTHETIC DEMO DATA - REPLACE BEFORE REAL USE,,3.0,43,0,0,5.67,171.2,145.0,0.377,0.491,0.24,12.4,15.2,-3.6,-5.3,90.5,14.9,57.5,24.5,19.6,,,,,,,,60
DEMO-10077-2022-94,10077,Demo Hitter 077,2022,25.0,25.0,Hitter,1B,Extension,8,52.78,401.55,DEMO,SYNTHETIC DEMO DATA - REPLACE BEFORE REAL USE,,2.0,94,0,0,4.38,148.4,143.2,0.333,0.491,0.23,10.7,22.0,3.2,1.5,89.7,14.8,46.8,24.1,22.3,,,,,,,,60
DEMO-10078-2016-95,10078,Demo Hitter 078,2016,25.0,25.0,Hitter,LF,Free Agent,5,24.68,120.63,DEMO,SYNTHETIC DEMO DATA - REPLACE BEFORE REAL USE,,4.0,27,0,0,3.2,136.1,136.7,0.347,0.515,0.216,8.4,17.9,1.0,3.1,93.0,12.1,38.7,31.9,23.6,,,,,,,,50
DEMO-10079-2017-96,10079,Demo Hitter 079,2017,24.0,24.0,Hitter,DH,Extension,7,38.93,244.89,DEMO,SYNTHETIC DEMO DATA - REPLACE BEFORE REAL USE,,2.0,57,0,0,4.17,159.9,147.9,0.342,0.515,0.219,9.9,25.3,-4.4,-2.0,88.1,11.8,46.3,26.4,24.3,,,,,,,,60
DEMO-10080-2013-97,10080,Demo Hitter 080,2013,29.0,29.0,Hitter,SS,Free Agent,5,27.31,128.05,DEMO,SYNTHETIC DEMO DATA - REPLACE BEFORE REAL USE,,3.0,37,0,0,2.52,134.4,117.6,0.362,0.455,0.168,12.8,19.5,-5.9,0.1,89.6,10.3,44.7,27.0,20.4,,,,,,,,65
DEMO-10081-2018-98,10081,Demo Hitter 081,2018,24.0,24.0,Hitter,SS,Free Agent,9,23.77,204.59,DEMO,SYNTHETIC DEMO DATA - REPLACE BEFORE REAL USE,,2.0,0,0,0,2.34,135.7,122.7,0.338,0.431,0.173,9.4,18.8,-8.5,1.7,91.6,7.7,38.1,32.4,29.2,,,,,,,,60
DEMO-10082-2020-99,10082,Demo Hitter 082,2020,23.0,23.0,Hitter,CF,Arbitration,1,12.36,12.36,DEMO,SYNTHETIC DEMO DATA - REPLACE BEFORE REAL USE,,3.0,60,0,0,3.25,132.5,139.0,0.343,0.48,0.169,10.3,22.3,-2.6,-1.2,89.7,9.6,39.8,33.4,28.5,,,,,,,,60
DEMO-10083-2024-100,10083,Demo Hitter 083,2024,35.0,35.0,Hitter,SS,Free Agent,3,30.79,88.18,DEMO,SYNTHETIC DEMO DATA - REPLACE BEFORE REAL USE,,9.0,32,0,0,2.48,130.1,132.7,0.345,0.425,0.203,9.1,23.3,-8.1,3.8,89.7,5.5,37.6,32.0,28.2,,,,,,,,55
DEMO-10084-2014-101,10084,Demo Hitter 084,2014,29.0,29.0,Hitter,1B,Extension,7,24.34,153.65,DEMO,SYNTHETIC DEMO DATA - REPLACE BEFORE REAL USE,,6.0,0,0,0,2.25,117.9,124.8,0.312,0.408,0.186,8.6,19.3,-2.8,3.7,89.2,7.0,37.5,29.5,22.7,,,,,,,,60
DEMO-10085-2020-102,10085,Demo Hitter 085,2020,31.0,31.0,Hitter,SS,Free Agent,2,26.21,47.94,DEMO,SYNTHETIC DEMO DATA - REPLACE BEFORE REAL USE,,4.0,70,1,0,1.74,116.5,111.0,0.339,0.375,0.174,9.3,24.3,-8.6,-3.4,88.5,8.5,38.2,29.3,25.5,,,,,,,,55
DEMO-10086-2020-103,10086,Demo Hitter 086,2020,27.0,27.0,Hitter,SS,Arbitration,1,23.0,23.0,DEMO,SYNTHETIC DEMO DATA - REPLACE BEFORE REAL USE,,3.0,41,0,0,5.41,178.0,156.7,0.366,0.464,0.219,12.4,22.6,1.6,3.2,93.7,14.2,50.1,28.9,18.5,,,,,,,,65
DEMO-10086-2022-104,10086,Demo Hitter 086,2022,29.0,29.0,Hitter,SS,Extension,6,49.72,247.44,DEMO,SYNTHETIC DEMO DATA - REPLACE BEFORE REAL USE,,5.0,79,0,0,4.49,153.2,141.4,0.337,0.454,0.207,9.7,26.1,-0.7,0.6,91.0,10.3,45.6,24.2,27.4,,,,,,,,65
DEMO-10087-2023-105,10087,Demo Hitter 087,2023,28.0,28.0,Hitter,C,Extension,8,73.37,492.36,DEMO,SYNTHETIC DEMO DATA - REPLACE BEFORE REAL USE,,2.0,49,0,0,5.74,172.5,157.8,0.384,0.571,0.267,13.3,17.9,-1.9,1.4,90.4,10.9,50.4,24.7,26.3,,,,,,,,60
DEMO-10088-2022-106,10088,Demo Hitter 088,2022,27.0,27.0,Hitter,3B,Arbitration,1,21.82,21.82,DEMO,SYNTHETIC DEMO DATA - REPLACE BEFORE REAL USE,,5.0,14,0,0,5.15,163.3,141.2,0.363,0.533,0.237,9.5,21.9,-0.2,-2.0,91.1,14.8,44.8,30.3,24.5,,,,,,,,60
DEMO-10089-2021-107,10089,Demo Hitter 089,2021,28.0,28.0,Hitter,RF,Extension,7,59.37,403.88,DEMO,SYNTHETIC DEMO DATA - REPLACE BEFORE REAL USE,,7.0,0,0,0,5.34,157.6,153.9,0.371,0.455,0.212,13.4,18.9,-2.0,0.0,89.3,15.8,44.8,27.8,19.6,,,,,,,,60
DEMO-10090-2020-108,10090,Demo Hitter 090,2020,31.0,31.0,Hitter,CF,Extension,4,25.02,95.21,DEMO,SYNTHETIC DEMO DATA - REPLACE BEFORE REAL USE,,5.0,60,1,0,1.45,114.3,108.1,0.331,0.43,0.173,9.5,22.7,-0.4,-1.1,86.5,10.8,38.5,25.0,26.5,,,,,,,,50
DEMO-10091-2023-109,10091,Demo Hitter 091,2023,24.0,24.0,Hitter,RF,Extension,8,41.26,278.72,DEMO,SYNTHETIC DEMO DATA - REPLACE BEFORE REAL USE,,2.0,68,0,0,3.6,139.2,134.8,0.359,0.48,0.2,9.3,15.0,-2.6,-2.3,89.6,13.0,38.2,27.2,20.9,,,,,,,,55
DEMO-10092-2018-110,10092,Demo Hitter 092,2018,25.0,25.0,Hitter,C,Extension,7,53.73,343.32,DEMO,SYNTHETIC DEMO DATA - REPLACE BEFORE REAL USE,,2.0,0,0,0,4.09,140.6,135.6,0.335,0.487,0.204,10.3,17.4,12.7,0.7,90.2,11.1,43.1,20.4,19.2,,,,,,,,60
DEMO-10092-2019-111,10092,Demo Hitter 092,2019,26.0,26.0,Hitter,C,Extension,10,48.78,450.68,DEMO,SYNTHETIC DEMO DATA - REPLACE BEFORE REAL USE,,3.0,36,0,0,3.88,146.5,134.5,0.356,0.439,0.229,11.5,20.8,2.5,-1.1,87.9,11.2,43.2,27.2,28.1,,,,,,,,60
DEMO-10093-2015-112,10093,Demo Hitter 093,2015,26.0,26.0,Hitter,1B,Extension,10,41.74,376.56,DEMO,SYNTHETIC DEMO DATA - REPLACE BEFORE REAL USE,,6.0,5,0,0,3.97,134.7,145.4,0.363,0.466,0.2,9.4,23.6,-10.0,1.5,92.7,15.3,50.1,24.7,24.2,,,,,,,,55
DEMO-10094-2017-113,10094,Demo Hitter 094,2017,29.0,29.0,Hitter,CF,Free Agent,6,33.53,188.1,DEMO,SYNTHETIC DEMO DATA - REPLACE BEFORE REAL USE,,5.0,33,0,0,4.04,141.3,131.1,0.356,0.496,0.212,7.5,24.3,0.9,3.7,89.6,15.7,43.5,27.7,28.8,,,,,,,,40
DEMO-10095-2024-114,10095,Demo Hitter 095,2024,32.0,32.0,Hitter,2B,Free Agent,5,37.97,184.76,DEMO,SYNTHETIC DEMO DATA - REPLACE BEFORE REAL USE,,5.0,15,0,0,2.91,121.9,126.3,0.323,0.461,0.181,9.9,22.0,-2.3,-3.4,87.8,10.9,42.2,25.3,22.1,,,,,,,,60
DEMO-10096-2015-115,10096,Demo Hitter 096,2015,27.0,27.0,Hitter,2B,Free Agent,6,21.69,121.77,DEMO,SYNTHETIC DEMO DATA - REPLACE BEFORE REAL USE,,3.0,0,1,0,2.01,135.2,137.0,0.351,0.443,0.2,10.7,18.5,-6.1,-1.2,89.4,7.7,43.4,29.9,20.9,,,,,,,,50
DEMO-10097-2019-116,10097,Demo Hitter 097,2019,30.0,30.0,Hitter,LF,Arbitration,1,19.68,19.68,DEMO,SYNTHETIC DEMO DATA - REPLACE BEFORE REAL USE,,3.0,0,0,0,4.91,145.9,140.7,0.368,0.505,0.227,13.3,16.1,3.2,0.5,89.7,12.5,40.3,24.2,23.3,,,,,,,,75
DEMO-10098-2017-117,10098,Demo Hitter 098,2017,26.0,26.0,Hitter,LF,Extension,6,37.54,198.6,DEMO,SYNTHETIC DEMO DATA - REPLACE BEFORE REAL USE,,2.0,35,0,0,2.7,131.9,119.8,0.32,0.447,0.197,7.3,26.4,6.8,3.3,88.8,9.6,52.4,24.5,25.6,,,,,,,,55
DEMO-10099-2015-118,10099,Demo Hitter 099,2015,26.0,26.0,Hitter,CF,Extension,9,55.8,442.46,DEMO,SYNTHETIC DEMO DATA - REPLACE BEFORE REAL USE,,5.0,149,0,0,5.03,171.2,143.3,0.369,0.514,0.252,10.0,23.1,-0.3,-0.2,88.6,16.9,43.1,27.9,23.8,,,,,,,,70
DEMO-10099-2012-119,10099,Demo Hitter 099,2012,23.0,23.0,Hitter,CF,Extension,10,30.84,300.49,DEMO,SYNTHETIC DEMO DATA - REPLACE BEFORE REAL USE,,2.0,44,0,0,4.14,152.9,139.2,0.378,0.415,0.198,11.9,20.2,2.8,0.3,89.7,11.1,38.8,29.6,24.1,,,,,,,,70
DEMO-10100-2015-120,10100,Demo Hitter 100,2015,32.0,32.0,Hitter,CF,Extension,1,17.03,17.03,DEMO,SYNTHETIC DEMO DATA - REPLACE BEFORE REAL USE,,6.0,0,0,0,2.25,132.2,122.3,0.338,0.428,0.189,9.2,17.5,-3.9,4.5,89.7,6.7,39.8,30.6,18.5,,,,,,,,55
DEMO-10101-2024-121,10101,Demo Hitter 101,2024,30.0,30.0,Hitter,CF,Free Agent,4,60.63,217.5,DEMO,SYNTHETIC DEMO DATA - REPLACE BEFORE REAL USE,,8.0,39,0,0,4.98,168.4,138.2,0.37,0.507,0.252,13.6,18.6,-0.9,3.9,91.5,12.3,50.3,24.8,20.0,,,,,,,,55
DEMO-10101-2021-122,10101,Demo Hitter 101,2021,27.0,27.0,Hitter,CF,Free Agent,7,48.84,305.11,DEMO,SYNTHETIC DEMO DATA - REPLACE BEFORE REAL USE,,5.0,110,0,0,4.69,140.6,143.4,0.368,0.5,0.245,9.8,19.6,-1.4,0.7,89.5,9.3,48.2,30.1,23.0,,,,,,,,55
DEMO-10102-2019-123,10102,Demo Hitter 102,2019,28.0,28.0,Hitter,SS,Extension,6,32.6,165.51,DEMO,SYNTHETIC DEMO DATA - REPLACE BEFORE REAL USE,,2.0,51,0,0,2.93,137.8,129.5,0.368,0.482,0.186,8.0,20.6,4.8,2.7,91.4,10.0,46.3,23.7,25.1,,,,,,,,45
DEMO-10103-2018-124,10103,Demo Hitter 103,2018,32.0,32.0,Hitter,1B,Extension,4,46.66,176.29,DEMO,SYNTHETIC DEMO DATA - REPLACE BEFORE REAL USE,,7.0,49,0,0,4.26,126.8,153.6,0.385,0.501,0.203,10.8,19.9,1.8,-3.0,88.1,11.9,43.1,29.6,29.7,,,,,,,,65
DEMO-10104-2024-125,10104,Demo Hitter 104,2024,28.0,28.0,Hitter,DH,Free Agent,5,53.64,261.97,DEMO,SYNTHETIC DEMO DATA - REPLACE BEFORE REAL USE,,3.0,118,0,0,4.16,138.2,143.6,0.373,0.491,0.219,9.6,20.7,-0.7,-3.2,90.9,14.1,49.1,27.0,25.3,,,,,,,,60
DEMO-10105-2024-126,10105,Demo Hitter 105,2024,23.0,23.0,Hitter,SS,Extension,12,65.59,694.17,DEMO,SYNTHETIC DEMO DATA - REPLACE BEFORE REAL USE,,3.0,95,0,0,5.28,160.6,155.2,0.39,0.543,0.251,14.4,20.0,-2.6,0.3,92.3,15.1,40.5,25.9,27.4,,,,,,,,50
DEMO-10106-2014-127,10106,Demo Hitter 106,2014,24.0,24.0,Hitter,CF,Extension,9,26.28,227.09,DEMO,SYNTHETIC DEMO DATA - REPLACE BEFORE REAL USE,,2.0,77,0,0,2.96,128.8,135.1,0.366,0.435,0.23,8.8,17.0,-5.8,1.8,89.2,8.7,44.5,32.2,25.2,,,,,,,,55
DEMO-10107-2025-128,10107,Demo Hitter 107,2025,35.0,35.0,Hitter,C,Extension,1,25.03,25.03,DEMO,SYNTHETIC DEMO DATA - REPLACE BEFORE REAL USE,,9.0,14,1,0,1.86,123.4,103.4,0.339,0.437,0.195,7.8,19.4,-0.6,-4.6,87.6,9.1,39.9,26.0,26.4,,,,,,,,50
DEMO-10108-2020-129,10108,Demo Hitter 108,2020,30.0,30.0,Hitter,DH,Extension,3,20.83,56.2,DEMO,SYNTHETIC DEMO DATA - REPLACE BEFORE REAL USE,,3.0,0,0,0,1.37,111.7,106.5,0.338,0.395,0.166,8.2,22.4,-3.7,2.4,88.1,3.3,40.4,30.8,25.7,,,,,,,,60
DEMO-10109-2016-130,10109,Demo Hitter 109,2016,24.0,24.0,Hitter,DH,Free Agent,9,39.33,332.29,DEMO,SYNTHETIC DEMO DATA - REPLACE BEFORE REAL USE,,2.0,21,0,0,2.93,130.9,144.3,0.324,0.425,0.189,11.3,26.1,-3.0,-1.6,87.6,12.0,40.5,28.9,23.6,,,,,,,,70
DEMO-10110-2017-131,10110,Demo Hitter 110,2017,29.0,29.0,Hitter,C,Extension,8,38.92,280.16,DEMO,SYNTHETIC DEMO DATA - REPLACE BEFORE REAL USE,,8.0,68,0,0,3.95,149.2,135.5,0.34,0.464,0.205,10.1,26.0,5.1,-1.1,90.8,16.5,46.9,27.4,20.8,,,,,,,,60
DEMO-10111-2025-132,10111,Demo Hitter 111,2025,32.0,32.0,Hitter,DH,Extension,6,53.91,307.12,DEMO,SYNTHETIC DEMO DATA - REPLACE BEFORE REAL USE,,8.0,15,0,0,3.94,146.3,130.3,0.341,0.499,0.247,8.6,21.0,-0.8,-4.5,91.3,10.6,43.0,28.9,26.2,,,,,,,,50
DEMO-10112-2022-133,10112,Demo Hitter 112,2022,32.0,32.0,Hitter,SS,Free Agent,5,50.07,240.01,DEMO,SYNTHETIC DEMO DATA - REPLACE BEFORE REAL USE,,6.0,0,0,0,3.89,137.6,146.3,0.347,0.465,0.227,11.0,25.3,-11.9,-2.6,86.8,11.3,46.0,25.6,22.0,,,,,,,,65
DEMO-10112-2019-134,10112,Demo Hitter 112,2019,29.0,29.0,Hitter,SS,Free Agent,7,46.23,298.9,DEMO,SYNTHETIC DEMO DATA - REPLACE BEFORE REAL USE,,3.0,0,0,0,4.24,163.0,146.1,0.356,0.491,0.218,10.6,16.2,0.5,-1.8,89.2,9.3,46.9,35.5,17.6,,,,,,,,65
DEMO-10113-2011-135,10113,Demo Hitter 113,2011,25.0,25.0,Hitter,CF,Arbitration,1,11.22,11.22,DEMO,SYNTHETIC DEMO DATA - REPLACE BEFORE REAL USE,,3.0,97,0,0,3.55,136.6,132.1,0.369,0.469,0.2,10.9,17.2,-1.8,-3.6,91.9,10.5,42.4,25.0,23.1,,,,,,,,50
DEMO-10114-2013-136,10114,Demo Hitter 114,2013,24.0,24.0,Hitter,LF,Free Agent,12,9.94,110.56,DEMO,SYNTHETIC DEMO DATA - REPLACE BEFORE REAL USE,,3.0,37,0,0,1.98,122.6,125.3,0.348,0.469,0.165,10.0,25.2,9.5,2.4,90.0,8.0,28.1,33.1,19.8,,,,,,,,55
DEMO-10115-2023-137,10115,Demo Hitter 115,2023,25.0,25.0,Hitter,C,Free Agent,7,35.6,233.82,DEMO,SYNTHETIC DEMO DATA - REPLACE BEFORE REAL USE,,2.0,132,0,0,1.97,124.4,111.5,0.348,0.442,0.182,11.1,27.4,-5.6,5.1,90.6,9.1,34.3,28.9,26.7,,,,,,,,45
DEMO-10116-2018-138,10116,Demo Hitter 116,2018,28.0,28.0,Hitter,CF,Free Agent,6,37.26,220.92,DEMO,SYNTHETIC DEMO DATA - REPLACE BEFORE REAL USE,,4.0,0,0,0,3.53,138.1,125.2,0.333,0.495,0.19,11.6,17.2,6.1,0.9,90.0,13.3,39.2,32.1,22.9,,,,,,,,50
DEMO-10117-2016-139,10117,Demo Hitter 117,2016,28.0,28.0,Hitter,CF,Free Agent,6,58.78,332.47,DEMO,SYNTHETIC DEMO DATA - REPLACE BEFORE REAL USE,,4.0,110,0,0,6.52,167.8,170.5,0.396,0.584,0.27,10.7,18.1,7.1,-3.3,94.0,18.8,60.0,21.1,23.8,,,,,,,,60
DEMO-10118-2011-140,10118,Demo Hitter 118,2011,29.0,29.0,Hitter,RF,Free Agent,6,46.98,265.82,DEMO,SYNTHETIC DEMO DATA - REPLACE BEFORE REAL USE,,2.0,117,0,0,6.53,152.1,169.6,0.391,0.542,0.238,13.9,15.9,-7.3,-4.3,90.4,16.6,53.4,18.2,16.3,,,,,,,,70
DEMO-10119-2017-141,10119,Demo Hitter 119,2017,27.0,27.0,Hitter,CF,Free Agent,7,31.71,206.96,DEMO,SYNTHETIC DEMO DATA - REPLACE BEFORE REAL USE,,5.0,0,0,0,3.14,131.5,137.9,0.339,0.442,0.179,9.7,17.1,6.1,4.0,89.1,8.8,41.6,27.8,16.5,,,,,,,,65
DEMO-10120-2019-142,10120,Demo Hitter 120,2019,27.0,27.0,Hitter,1B,Extension,8,60.98,430.06,DEMO,SYNTHETIC DEMO DATA - REPLACE BEFORE REAL USE,,3.0,0,0,0,4.84,144.5,151.1,0.413,0.541,0.226,9.2,18.8,-2.7,-2.7,88.0,15.2,42.4,28.0,20.9,,,,,,,,70
DEMO-10121-2025-143,10121,Demo Hitter 121,2025,30.0,30.0,Hitter,LF,Free Agent,5,44.46,209.59,DEMO,SYNTHETIC DEMO DATA - REPLACE BEFORE REAL USE,,4.0,24,0,0,3.57,138.0,142.8,0.389,0.454,0.216,12.5,24.1,-4.6,3.3,89.7,8.1,45.5,26.8,24.9,,,,,,,,45
DEMO-10122-2021-144,10122,Demo Hitter 122,2021,27.0,27.0,Hitter,SS,Free Agent,9,38.51,318.3,DEMO,SYNTHETIC DEMO DATA - REPLACE BEFORE REAL USE,,6.0,108,0,0,2.24,155.1,110.6,0.323,0.496,0.16,11.2,19.3,-2.2,-3.3,89.2,10.1,34.9,28.6,18.2,,,,,,,,50
DEMO-10123-2016-145,10123,Demo Hitter 123,2016,23.0,23.0,Hitter,C,Free Agent,10,54.8,532.87,DEMO,SYNTHETIC DEMO DATA - REPLACE BEFORE REAL USE,,3.0,0,0,0,6.01,166.8,162.2,0.394,0.495,0.259,13.1,19.3,-2.9,1.5,90.8,14.1,46.7,32.2,16.5,,,,,,,,60
DEMO-10124-2016-146,10124,Demo Hitter 124,2016,25.0,25.0,Hitter,RF,Extension,9,50.32,475.75,DEMO,SYNTHETIC DEMO DATA - REPLACE BEFORE REAL USE,,2.0,57,0,0,4.7,169.0,149.1,0.357,0.503,0.245,12.7,18.5,-1.7,2.6,91.3,16.5,39.2,29.6,24.0,,,,,,,,70
DEMO-10125-2021-147,10125,Demo Hitter 125,2021,25.0,25.0,Hitter,2B,Extension,8,44.3,304.8,DEMO,SYNTHETIC DEMO DATA - REPLACE BEFORE REAL USE,,5.0,24,0,0,3.58,137.7,136.6,0.349,0.42,0.198,10.2,19.8,-13.1,0.1,89.8,9.3,41.3,24.3,22.7,,,,,,,,60
DEMO-10125-2019-148,10125,Demo Hitter 125,2019,23.0,23.0,Hitter,2B,Extension,8,47.37,373.42,DEMO,SYNTHETIC DEMO DATA - REPLACE BEFORE REAL USE,,3.0,18,0,0,4.36,157.4,142.8,0.361,0.493,0.188,7.9,22.2,-6.0,0.3,88.1,11.0,46.0,32.9,22.9,,,,,,,,60
DEMO-10126-2013-149,10126,Demo Hitter 126,2013,27.0,27.0,Hitter,3B,Free Agent,5,51.0,255.73,DEMO,SYNTHETIC DEMO DATA - REPLACE BEFORE REAL USE,,2.0,0,0,0,5.85,164.5,159.3,0.371,0.54,0.247,10.2,15.4,1.5,-1.4,88.6,15.1,50.0,24.5,20.3,,,,,,,,70
DEMO-10126-2014-150,10126,Demo Hitter 126,2014,28.0,28.0,Hitter,3B,Extension,5,53.24,239.45,DEMO,SYNTHETIC DEMO DATA - REPLACE BEFORE REAL USE,,3.0,41,0,0,6.24,156.2,166.3,0.383,0.53,0.252,15.3,16.0,-2.1,2.2,93.9,15.2,44.6,25.8,21.7,,,,,,,,70
DEMO-10127-2023-151,10127,Demo Hitter 127,2023,28.0,28.0,Hitter,C,Arbitration,1,22.18,22.18,DEMO,SYNTHETIC DEMO DATA - REPLACE BEFORE REAL USE,,2.0,9,0,0,5.48,145.4,153.2,0.383,0.537,0.265,13.4,13.0,1.5,1.9,93.4,12.6,40.7,28.6,22.6,,,,,,,,65
DEMO-10128-2017-152,10128,Demo Hitter 128,2017,27.0,27.0,Hitter,RF,Extension,9,56.1,493.33,DEMO,SYNTHETIC DEMO DATA - REPLACE BEFORE REAL USE,,2.0,46,0,0,4.59,152.6,127.7,0.374,0.495,0.224,8.4,19.9,9.0,3.1,88.9,16.3,49.8,29.4,17.6,,,,,,,,60
DEMO-10129-2018-153,10129,Demo Hitter 129,2018,25.0,25.0,Hitter,3B,Extension,7,57.24,367.34,DEMO,SYNTHETIC DEMO DATA - REPLACE BEFORE REAL USE,,4.0,56,0,0,6.18,153.6,172.9,0.382,0.53,0.272,10.7,27.0,-7.2,-1.4,90.4,12.4,46.5,31.0,28.2,,,,,,,,65
DEMO-10129-2019-154,10129,Demo Hitter 129,2019,26.0,26.0,Hitter,3B,Extension,7,55.76,372.4,DEMO,SYNTHETIC DEMO DATA - REPLACE BEFORE REAL USE,,5.0,0,0,0,5.14,159.6,163.2,0.347,0.511,0.219,8.3,22.4,-11.0,-5.3,92.9,12.6,46.8,26.0,20.5,,,,,,,,65
DEMO-10130-2019-155,10130,Demo Hitter 130,2019,29.0,29.0,Hitter,2B,Extension,8,53.85,396.86,DEMO,SYNTHETIC DEMO DATA - REPLACE BEFORE REAL USE,,6.0,0,0,0,4.88,164.4,160.6,0.395,0.491,0.219,10.6,12.1,1.0,4.5,93.2,12.4,44.8,27.4,22.5,,,,,,,,55
DEMO-10130-2020-156,10130,Demo Hitter 130,2020,30.0,30.0,Hitter,2B,Extension,5,40.29,199.23,DEMO,SYNTHETIC DEMO DATA - REPLACE BEFORE REAL USE,,7.0,102,0,0,4.09,152.4,132.3,0.403,0.469,0.205,11.9,18.3,2.5,-1.2,89.4,9.9,45.6,23.0,20.6,,,,,,,,55
DEMO-10131-2022-157,10131,Demo Hitter 131,2022,29.0,29.0,Hitter,LF,Free Agent,5,42.86,189.15,DEMO,SYNTHETIC DEMO DATA - REPLACE BEFORE REAL USE,,2.0,0,0,0,3.6,144.1,144.2,0.346,0.452,0.205,7.3,21.2,4.4,3.1,90.8,16.0,42.0,26.3,22.0,,,,,,,,55
DEMO-10132-2016-158,10132,Demo Hitter 132,2016,26.0,26.0,Hitter,3B,Arbitration,1,18.69,18.69,DEMO,SYNTHETIC DEMO DATA - REPLACE BEFORE REAL USE,,2.0,19,0,0,5.69,153.7,164.9,0.357,0.503,0.255,9.4,17.6,7.3,2.0,94.1,13.8,50.7,24.8,22.9,,,,,,,,60
DEMO-10133-2020-159,10133,Demo Hitter 133,2020,27.0,27.0,Hitter,1B,Extension,5,58.48,280.2,DEMO,SYNTHETIC DEMO DATA - REPLACE BEFORE REAL USE,,3.0,93,0,0,5.03,155.7,160.5,0.375,0.48,0.255,10.4,17.2,2.9,2.6,93.1,11.8,50.4,27.8,24.0,,,,,,,,60
DEMO-10134-2014-160,10134,Demo Hitter 134,2014,25.0,25.0,Hitter,CF,Arbitration,1,13.91,13.91,DEMO,SYNTHETIC DEMO DATA - REPLACE BEFORE REAL USE,,3.0,4,0,0,4.39,151.0,147.8,0.349,0.507,0.231,11.9,23.2,10.0,0.3,87.4,13.7,43.1,26.8,25.8,,,,,,,,55
DEMO-10135-2012-161,10135,Demo Hitter 135,2012,28.0,28.0,Hitter,RF,Extension,7,44.45,296.33,DEMO,SYNTHETIC DEMO DATA - REPLACE BEFORE REAL USE,,2.0,84,0,0,5.32,173.5,149.8,0.363,0.5,0.229,12.9,15.0,-6.4,-3.9,91.9,12.0,46.7,33.6,25.3,,,,,,,,70
DEMO-10136-2016-162,10136,Demo Hitter 136,2016,30.0,30.0,Hitter,SS,Free Agent,4,38.88,141.47,DEMO,SYNTHETIC DEMO DATA - REPLACE BEFORE REAL USE,,4.0,82,0,0,3.53,138.3,130.8,0.355,0.481,0.226,12.6,24.5,-1.8,1.8,91.5,15.1,41.7,26.0,32.6,,,,,,,,50
DEMO-10137-2010-163,10137,Demo Hitter 137,2010,25.0,25.0,Hitter,SS,Free Agent,11,35.43,381.99,DEMO,SYNTHETIC DEMO DATA - REPLACE BEFORE REAL USE,,2.0,0,0,0,3.97,141.9,144.5,0.338,0.46,0.22,9.8,12.1,-2.4,2.8,87.4,10.2,42.9,25.0,23.1,,,,,,,,60
DEMO-10138-2017-164,10138,Demo Hitter 138,2017,27.0,27.0,Hitter,C,Extension,6,25.29,134.44,DEMO,SYNTHETIC DEMO DATA - REPLACE BEFORE REAL USE,,6.0,33,0,0,2.63,126.9,136.7,0.331,0.45,0.175,9.3,19.3,-8.1,-0.2,88.7,7.9,32.1,25.2,25.0,,,,,,,,55
DEMO-10139-2021-165,10139,Demo Hitter 139,2021,26.0,26.0,Hitter,LF,Free Agent,8,49.95,340.17,DEMO,SYNTHETIC DEMO DATA - REPLACE BEFORE REAL USE,,6.0,0,0,0,4.16,130.3,142.0,0.351,0.506,0.211,10.5,19.2,7.1,0.5,90.6,14.3,39.6,25.4,23.4,,,,,,,,55
DEMO-10140-2014-166,10140,Demo Hitter 140,2014,28.0,28.0,Hitter,1B,Free Agent,3,41.77,113.42,DEMO,SYNTHETIC DEMO DATA - REPLACE BEFORE REAL USE,,6.0,0,0,0,4.38,142.4,140.1,0.358,0.483,0.193,11.2,20.1,-4.4,-3.8,89.4,12.8,45.8,30.7,27.4,,,,,,,,60
DEMO-10141-2021-167,10141,Demo Hitter 141,2021,24.0,24.0,Hitter,3B,Extension,8,29.64,203.65,DEMO,SYNTHETIC DEMO DATA - REPLACE BEFORE REAL USE,,2.0,69,0,0,2.42,114.9,123.9,0.344,0.446,0.225,12.6,17.2,-0.8,0.0,88.7,8.8,37.8,31.5,24.9,,,,,,,,50
DEMO-10142-2020-168,10142,Demo Hitter 142,2020,32.0,32.0,Hitter,2B,Extension,3,34.65,88.69,DEMO,SYNTHETIC DEMO DATA - REPLACE BEFORE REAL USE,,5.0,0,1,0,2.55,123.2,135.1,0.352,0.488,0.229,10.3,23.4,7.2,-2.1,88.6,6.7,43.2,32.4,25.6,,,,,,,,65
DEMO-10142-2021-169,10142,Demo Hitter 142,2021,33.0,33.0,Hitter,2B,Extension,7,25.43,170.63,DEMO,SYNTHETIC DEMO DATA - REPLACE BEFORE REAL USE,,6.0,7,1,0,1.86,116.1,132.2,0.34,0.447,0.209,8.5,18.4,-10.6,0.6,87.5,2.6,31.9,32.5,22.9,,,,,,,,65
DEMO-10143-2023-170,10143,Demo Hitter 143,2023,28.0,28.0,Hitter,SS,Free Agent,7,46.34,303.46,DEMO,SYNTHETIC DEMO DATA - REPLACE BEFORE REAL USE,,2.0,151,0,0,3.81,143.5,140.9,0.369,0.46,0.212,6.5,19.5,-5.8,-1.7,91.5,11.8,45.0,28.5,27.5,,,,,,,,60
DEMO-10144-2018-171,10144,Demo Hitter 144,2018,30.0,30.0,Hitter,RF,Extension,4,42.04,146.59,DEMO,SYNTHETIC DEMO DATA - REPLACE BEFORE REAL USE,,4.0,30,0,0,3.49,154.6,129.3,0.368,0.411,0.244,10.5,19.6,-3.0,-0.3,87.5,7.0,38.3,30.5,24.2,,,,,,,,65
DEMO-10145-2012-172,10145,Demo Hitter 145,2012,22.0,22.0,Hitter,DH,Extension,11,43.07,403.77,DEMO,SYNTHETIC DEMO DATA - REPLACE BEFORE REAL USE,,2.0,54,0,0,5.69,182.8,132.3,0.379,0.519,0.221,11.6,14.9,-5.1,-2.1,90.1,11.6,49.0,26.6,21.1,,,,,,,,65
DEMO-10146-2025-173,10146,Demo Hitter 146,2025,32.0,32.0,Hitter,C,Free Agent,2,32.83,60.97,DEMO,SYNTHETIC DEMO DATA - REPLACE BEFORE REAL USE,,5.0,98,0,0,2.58,134.4,125.2,0.353,0.474,0.217,7.3,21.0,-3.2,1.8,91.0,6.5,42.7,27.5,23.1,,,,,,,,55
DEMO-10147-2022-174,10147,Demo Hitter 147,2022,28.0,28.0,Hitter,1B,Free Agent,5,45.28,194.64,DEMO,SYNTHETIC DEMO DATA - REPLACE BEFORE REAL USE,,3.0,88,0,0,3.75,124.9,133.4,0.309,0.494,0.198,10.1,22.4,-2.5,-1.3,89.2,15.3,48.7,25.6,24.4,,,,,,,,55
DEMO-10148-2018-175,10148,Demo Hitter 148,2018,25.0,25.0,Hitter,SS,Free Agent,9,45.78,380.71,DEMO,SYNTHETIC DEMO DATA - REPLACE BEFORE REAL USE,,2.0,29,0,0,4.11,144.7,154.7,0.342,0.47,0.221,8.6,19.6,-0.0,-0.3,92.0,12.4,41.5,27.2,22.9,,,,,,,,50
DEMO-10148-2019-176,10148,Demo Hitter 148,2019,26.0,26.0,Hitter,SS,Free Agent,4,48.56,154.77,DEMO,SYNTHETIC DEMO DATA - REPLACE BEFORE REAL USE,,3.0,31,0,0,3.87,139.1,134.3,0.366,0.461,0.185,9.7,24.8,-2.3,0.7,91.1,7.2,46.8,21.9,17.9,,,,,,,,50
DEMO-10149-2021-177,10149,Demo Hitter 149,2021,29.0,29.0,Hitter,DH,Free Agent,7,67.16,414.79,DEMO,SYNTHETIC DEMO DATA - REPLACE BEFORE REAL USE,,2.0,55,0,0,5.97,163.0,159.5,0.364,0.532,0.255,12.3,21.9,-3.4,1.6,90.5,16.3,47.5,22.2,22.2,,,,,,,,65
DEMO-10150-2019-178,10150,Demo Hitter 150,2019,27.0,27.0,Hitter,LF,Extension,6,31.33,175.91,DEMO,SYNTHETIC DEMO DATA - REPLACE BEFORE REAL USE,,6.0,0,0,0,2.78,127.9,133.2,0.338,0.447,0.197,10.4,21.5,-1.7,-1.3,90.1,12.9,34.6,28.6,19.0,,,,,,,,45
DEMO-10151-2024-179,10151,Demo Hitter 151,2024,29.0,29.0,Hitter,RF,Extension,6,43.78,253.98,DEMO,SYNTHETIC DEMO DATA - REPLACE BEFORE REAL USE,,5.0,0,0,0,3.43,142.9,118.7,0.336,0.495,0.22,13.4,23.6,2.3,-2.6,89.1,13.1,39.8,29.3,27.3,,,,,,,,55
DEMO-10152-2023-180,10152,Demo Hitter 152,2023,27.0,27.0,Hitter,SS,Free Agent,7,56.13,389.72,DEMO,SYNTHETIC DEMO DATA - REPLACE BEFORE REAL USE,,4.0,0,0,0,4.66,151.5,148.5,0.364,0.486,0.217,9.6,18.8,7.4,-3.8,91.3,13.1,48.9,26.4,22.0,,,,,,,,70
DEMO-10153-2017-181,10153,Demo Hitter 153,2017,24.0,24.0,Hitter,C,Free Agent,9,53.86,448.64,DEMO,SYNTHETIC DEMO DATA - REPLACE BEFORE REAL USE,,2.0,27,0,0,4.89,167.1,147.5,0.366,0.506,0.236,8.1,17.4,12.9,2.1,91.7,12.1,48.7,25.4,26.8,,,,,,,,75
DEMO-10153-2023-182,10153,Demo Hitter 153,2023,30.0,30.0,Hitter,C,Free Agent,7,51.14,326.41,DEMO,SYNTHETIC DEMO DATA - REPLACE BEFORE REAL USE,,8.0,53,0,0,4.2,162.4,137.3,0.344,0.458,0.268,11.2,19.7,2.1,-1.6,89.8,8.0,40.2,28.4,18.5,,,,,,,,75
DEMO-10154-2017-183,10154,Demo Hitter 154,2017,24.0,24.0,Hitter,SS,Free Agent,8,25.22,190.96,DEMO,SYNTHETIC DEMO DATA - REPLACE BEFORE REAL USE,,2.0,89,0,0,3.1,138.1,126.2,0.36,0.469,0.192,10.6,17.1,5.1,0.6,88.8,7.2,43.9,24.6,21.4,,,,,,,,50
DEMO-10154-2019-184,10154,Demo Hitter 154,2019,26.0,26.0,Hitter,SS,Extension,8,36.98,269.15,DEMO,SYNTHETIC DEMO DATA - REPLACE BEFORE REAL USE,,4.0,39,0,0,3.53,135.8,143.4,0.334,0.46,0.175,11.4,21.2,-0.4,-1.8,91.6,12.1,45.0,31.3,24.4,,,,,,,,50
DEMO-10155-2025-185,10155,Demo Hitter 155,2025,28.0,28.0,Hitter,1B,Extension,6,48.06,257.74,DEMO,SYNTHETIC DEMO DATA - REPLACE BEFORE REAL USE,,5.0,27,0,0,3.42,129.3,136.9,0.362,0.469,0.207,10.0,20.6,-6.3,3.9,88.8,11.3,37.3,29.7,16.1,,,,,,,,55
DEMO-10156-2018-186,10156,Demo Hitter 156,2018,30.0,30.0,Hitter,LF,Free Agent,3,35.11,96.6,DEMO,SYNTHETIC DEMO DATA - REPLACE BEFORE REAL USE,,3.0,71,0,0,3.43,144.5,146.1,0.359,0.462,0.195,11.0,19.7,-2.6,3.8,89.4,8.9,54.2,29.6,27.6,,,,,,,,55
DEMO-10157-2015-187,10157,Demo Hitter 157,2015,24.0,24.0,Hitter,C,Free Agent,7,41.08,269.49,DEMO,SYNTHETIC DEMO DATA - REPLACE BEFORE REAL USE,,3.0,93,0,0,4.51,145.3,144.7,0.355,0.452,0.26,9.7,26.3,-2.1,-0.5,89.6,8.1,45.6,34.1,23.2,,,,,,,,55
DEMO-10157-2014-188,10157,Demo Hitter 157,2014,23.0,23.0,Hitter,C,Free Agent,11,52.75,473.68,DEMO,SYNTHETIC DEMO DATA - REPLACE BEFORE REAL USE,,2.0,11,0,0,5.28,152.9,155.4,0.377,0.467,0.237,13.5,22.4,-7.8,-5.3,89.6,12.1,53.9,24.0,19.9,,,,,,,,55
DEMO-10158-2018-189,10158,Demo Hitter 158,2018,24.0,24.0,Hitter,DH,Extension,9,31.46,255.53,DEMO,SYNTHETIC DEMO DATA - REPLACE BEFORE REAL USE,,3.0,59,0,0,2.69,136.9,127.4,0.306,0.448,0.203,7.8,22.0,4.2,-6.4,88.2,10.4,45.3,26.4,17.9,,,,,,,,45
DEMO-10159-2014-190,10159,Demo Hitter 159,2014,26.0,26.0,Hitter,RF,Free Agent,11,45.37,413.77,DEMO,SYNTHETIC DEMO DATA - REPLACE BEFORE REAL USE,,3.0,58,0,0,4.5,161.4,145.4,0.345,0.515,0.209,11.1,17.8,-0.2,1.7,88.8,13.4,47.8,29.5,25.4,,,,,,,,65
DEMO-10160-2012-191,10160,Demo Hitter 160,2012,29.0,29.0,Hitter,1B,Free Agent,8,20.03,127.69,DEMO,SYNTHETIC DEMO DATA - REPLACE BEFORE REAL USE,,2.0,34,0,0,2.73,115.5,134.3,0.337,0.469,0.204,8.2,20.9,2.3,-0.9,90.0,7.8,44.4,33.3,19.5,,,,,,,,55
DEMO-10161-2010-192,10161,Demo Hitter 161,2010,26.0,26.0,Hitter,SS,Free Agent,10,32.62,324.07,DEMO,SYNTHETIC DEMO DATA - REPLACE BEFORE REAL USE,,2.0,74,0,0,3.13,134.1,132.7,0.352,0.455,0.199,9.4,18.8,7.6,-1.8,91.2,10.1,36.1,27.3,25.8,,,,,,,,50
DEMO-10162-2022-193,10162,Demo Hitter 162,2022,34.0,34.0,Hitter,2B,Free Agent,2,41.43,76.81,DEMO,SYNTHETIC DEMO DATA - REPLACE BEFORE REAL USE,,8.0,36,0,0,3.78,153.2,132.1,0.364,0.475,0.215,12.5,22.2,-0.2,-0.8,92.1,10.0,42.9,28.6,21.5,,,,,,,,70
DEMO-10163-2014-194,10163,Demo Hitter 163,2014,29.0,29.0,Hitter,DH,Free Agent,6,40.41,226.52,DEMO,SYNTHETIC DEMO DATA - REPLACE BEFORE REAL USE,,3.0,24,0,0,3.8,148.9,139.2,0.339,0.455,0.213,7.3,12.5,-4.8,-0.8,87.2,9.4,36.7,27.4,24.9,,,,,,,,60
DEMO-10164-2023-195,10164,Demo Hitter 164,2023,27.0,27.0,Hitter,RF,Extension,8,79.73,652.66,DEMO,SYNTHETIC DEMO DATA - REPLACE BEFORE REAL USE,,5.0,108,0,0,6.04,161.3,162.1,0.369,0.529,0.23,11.8,14.8,-6.5,0.4,88.8,14.3,54.5,25.5,25.4,,,,,,,,70
DEMO-10165-2016-196,10165,Demo Hitter 165,2016,26.0,26.0,Hitter,DH,Extension,11,18.62,182.96,DEMO,SYNTHETIC DEMO DATA - REPLACE BEFORE REAL USE,,3.0,46,0,0,2.02,115.5,121.6,0.35,0.446,0.179,9.5,22.6,4.9,1.6,90.4,10.7,39.3,33.2,20.0,,,,,,,,55
DEMO-10166-2022-197,10166,Demo Hitter 166,2022,28.0,28.0,Hitter,3B,Extension,7,59.46,390.92,DEMO,SYNTHETIC DEMO DATA - REPLACE BEFORE REAL USE,,2.0,15,0,0,5.25,151.1,148.0,0.384,0.533,0.25,10.2,23.3,-4.1,-2.3,89.2,7.5,47.7,29.6,18.1,,,,,,,,65
DEMO-10167-2020-198,10167,Demo Hitter 167,2020,27.0,27.0,Hitter,CF,Free Agent,8,54.56,406.14,DEMO,SYNTHETIC DEMO DATA - REPLACE BEFORE REAL USE,,4.0,18,0,0,4.52,152.6,136.3,0.339,0.477,0.264,13.4,18.9,-6.7,-1.1,87.8,12.5,49.7,24.1,27.7,,,,,,,,50
DEMO-10167-2018-199,10167,Demo Hitter 167,2018,25.0,25.0,Hitter,CF,Free Agent,7,48.35,323.78,DEMO,SYNTHETIC DEMO DATA - REPLACE BEFORE REAL USE,,2.0,57,0,0,4.73,150.3,148.6,0.356,0.445,0.204,12.2,15.0,-4.9,0.5,89.9,14.0,43.2,27.5,26.8,,,,,,,,50
DEMO-10168-2015-200,10168,Demo Hitter 168,2015,24.0,24.0,Hitter,2B,Extension,8,26.72,213.92,DEMO,SYNTHETIC DEMO DATA - REPLACE BEFORE REAL USE,,3.0,0,0,0,3.54,126.4,136.7,0.347,0.487,0.273,8.5,17.2,-0.2,-0.3,89.8,14.1,43.2,27.4,24.8,,,,,,,,50
DEMO-10168-2014-201,10168,Demo Hitter 168,2014,23.0,23.0,Hitter,2B,Extension,12,53.58,601.55,DEMO,SYNTHETIC DEMO DATA - REPLACE BEFORE REAL USE,,2.0,38,0,0,5.08,152.0,146.1,0.397,0.527,0.218,14.9,20.6,5.9,-0.1,88.7,7.7,46.6,24.0,18.4,,,,,,,,50
DEMO-10169-2021-202,10169,Demo Hitter 169,2021,31.0,31.0,Hitter,2B,Free Agent,4,53.32,218.12,DEMO,SYNTHETIC DEMO DATA - REPLACE BEFORE REAL USE,,4.0,16,0,0,4.47,146.5,157.7,0.357,0.491,0.219,10.6,19.1,-10.2,-3.1,88.9,12.9,44.3,21.8,23.3,,,,,,,,50
DEMO-10170-2019-203,10170,Demo Hitter 170,2019,29.0,29.0,Hitter,SS,Free Agent,6,27.15,149.17,DEMO,SYNTHETIC DEMO DATA - REPLACE BEFORE REAL USE,,5.0,99,0,0,2.32,110.2,127.0,0.342,0.472,0.191,8.2,15.4,2.1,3.3,90.7,8.3,37.1,28.3,25.6,,,,,,,,55
DEMO-10171-2019-204,10171,Demo Pitcher 171,2019,26.0,26.0,Pitcher,RP,Free Agent,7,48.88,322.24,DEMO,SYNTHETIC DEMO DATA - REPLACE BEFORE REAL USE,,3.0,1,0,0,4.56,,,,,,6.3,26.9,,,,,,40.3,32.3,2.99,2.66,2.78,78.9,98.1,120.7,107.6,60
DEMO-10172-2023-205,10172,Demo Pitcher 172,2023,27.0,27.0,Pitcher,SP,Free Agent,6,38.22,220.43,DEMO,SYNTHETIC DEMO DATA - REPLACE BEFORE REAL USE,,5.0,46,0,0,3.01,,,,,,5.6,26.0,,,,,,34.1,29.4,4.24,3.82,3.83,200.9,94.1,112.2,100.5,55
DEMO-10173-2022-206,10173,Demo Pitcher 173,2022,23.0,23.0,Pitcher,RP,Free Agent,10,52.5,471.29,DEMO,SYNTHETIC DEMO DATA - REPLACE BEFORE REAL USE,,2.0,41,0,0,4.0,,,,,,5.3,29.2,,,,,,33.8,35.3,2.98,2.7,3.1,74.1,94.7,127.8,111.9,50
DEMO-10173-2023-207,10173,Demo Pitcher 173,2023,24.0,24.0,Pitcher,RP,Extension,10,38.74,363.16,DEMO,SYNTHETIC DEMO DATA - REPLACE BEFORE REAL USE,,3.0,0,0,0,3.1,,,,,,7.3,28.7,,,,,,32.5,31.6,2.51,3.05,2.74,54.3,96.8,131.4,102.6,50
DEMO-10174-2018-208,10174,Demo Pitcher 174,2018,34.0,34.0,Pitcher,SP,Extension,1,21.21,21.21,DEMO,SYNTHETIC DEMO DATA - REPLACE BEFORE REAL USE,,8.0,125,0,0,1.72,,,,,,9.0,26.9,,,,,,29.3,30.6,3.96,3.75,3.37,179.9,94.3,97.2,94.8,55
DEMO-10174-2017-209,10174,Demo Pitcher 174,2017,33.0,33.0,Pitcher,SP,Free Agent,2,27.68,53.49,DEMO,SYNTHETIC DEMO DATA - REPLACE BEFORE REAL USE,,7.0,0,0,0,2.0,,,,,,5.8,25.1,,,,,,30.6,23.8,3.7,3.4,3.43,179.0,95.0,114.8,106.4,55
DEMO-10175-2025-210,10175,Demo Pitcher 175,2025,33.0,33.0,Pitcher,RP,Extension,4,19.81,75.93,DEMO,SYNTHETIC DEMO DATA - REPLACE BEFORE REAL USE,,6.0,13,0,0,1.55,,,,,,9.8,24.0,,,,,,23.8,25.1,3.48,3.89,3.93,61.9,96.4,112.7,100.8,65
DEMO-10176-2020-211,10176,Demo Pitcher 176,2020,23.0,23.0,Pitcher,SP,Extension,8,26.75,191.91,DEMO,SYNTHETIC DEMO DATA - REPLACE BEFORE REAL USE,,2.0,0,0,0,1.79,,,,,,9.8,23.9,,,,,,24.5,25.8,3.72,4.1,4.33,172.9,93.6,107.3,109.3,50
DEMO-10177-2021-212,10177,Demo Pitcher 177,2021,23.0,23.0,Pitcher,SP,Free Agent,11,53.52,548.46,DEMO,SYNTHETIC DEMO DATA - REPLACE BEFORE REAL USE,,2.0,9,0,0,4.67,,,,,,5.2,27.0,,,,,,31.7,28.1,2.86,2.87,2.92,214.7,95.3,145.0,113.2,60
DEMO-10178-2022-213,10178,Demo Pitcher 178,2022,29.0,29.0,Pitcher,RP,Free Agent,4,50.0,175.07,DEMO,SYNTHETIC DEMO DATA - REPLACE BEFORE REAL USE,,3.0,0,0,0,3.52,,,,,,6.8,27.6,,,,,,31.7,33.1,3.2,3.23,3.29,67.8,97.2,115.3,111.5,60
DEMO-10179-2010-214,10179,Demo Pitcher 179,2010,27.0,27.0,Pitcher,SP,Extension,6,41.84,232.33,DEMO,SYNTHETIC DEMO DATA - REPLACE BEFORE REAL USE,,2.0,10,0,0,4.07,,,,,,5.6,29.8,,,,,,34.1,32.7,2.82,3.42,3.4,209.7,94.2,122.2,100.2,55
DEMO-10180-2015-215,10180,Demo Pitcher 180,2015,24.0,24.0,Pitcher,RP,Free Agent,9,16.14,132.65,DEMO,SYNTHETIC DEMO DATA - REPLACE BEFORE REAL USE,,2.0,65,1,0,1.19,,,,,,7.1,23.0,,,,,,29.8,23.0,4.61,3.97,3.57,58.9,97.0,100.0,99.0,55
DEMO-10181-2015-216,10181,Demo Pitcher 181,2015,23.0,23.0,Pitcher,RP,Arbitration,1,10.94,10.94,DEMO,SYNTHETIC DEMO DATA - REPLACE BEFORE REAL USE,,2.0,56,0,0,2.78,,,,,,3.7,25.6,,,,,,32.2,31.6,3.85,4.21,3.94,81.6,95.4,105.5,105.3,55
DEMO-10182-2021-217,10182,Demo Pitcher 182,2021,27.0,27.0,Pitcher,RP,Arbitration,1,17.05,17.05,DEMO,SYNTHETIC DEMO DATA - REPLACE BEFORE REAL USE,,2.0,46,0,0,3.66,,,,,,7.2,28.2,,,,,,36.9,27.6,2.98,3.16,3.33,61.3,99.0,117.0,101.5,60
DEMO-10183-2022-218,10183,Demo Pitcher 183,2022,27.0,27.0,Pitcher,SP,Free Agent,6,29.97,161.53,DEMO,SYNTHETIC DEMO DATA - REPLACE BEFORE REAL USE,,7.0,0,0,0,1.63,,,,,,7.8,24.2,,,,,,27.6,30.6,3.9,3.99,4.01,157.8,92.9,102.3,109.4,50
DEMO-10184-2013-219,10184,Demo Pitcher 184,2013,30.0,30.0,Pitcher,RP,Free Agent,5,33.21,154.19,DEMO,SYNTHETIC DEMO DATA - REPLACE BEFORE REAL USE,,3.0,42,0,0,3.02,,,,,,8.5,25.6,,,,,,31.4,30.1,3.31,3.23,3.01,52.0,95.4,122.9,107.3,50
DEMO-10185-2014-220,10185,Demo Pitcher 185,2014,28.0,28.0,Pitcher,SP,Free Agent,6,32.12,166.16,DEMO,SYNTHETIC DEMO DATA - REPLACE BEFORE REAL USE,,5.0,29,0,0,2.91,,,,,,8.4,21.0,,,,,,33.1,27.6,2.58,3.24,2.95,185.5,96.6,106.0,91.4,50
DEMO-10186-2020-221,10186,Demo Pitcher 186,2020,26.0,26.0,Pitcher,SP,Free Agent,5,46.71,225.2,DEMO,SYNTHETIC DEMO DATA - REPLACE BEFORE REAL USE,,4.0,32,0,0,4.13,,,,,,8.8,33.9,,,,,,36.6,28.7,2.75,2.46,2.6,182.4,97.9,129.9,105.3,60
DEMO-10186-2019-222,10186,Demo Pitcher 186,2019,25.0,25.0,Pitcher,SP,Extension,10,41.34,371.9,DEMO,SYNTHETIC DEMO DATA - REPLACE BEFORE REAL USE,,3.0,42,0,0,3.6,,,,,,6.5,27.7,,,,,,32.8,28.1,4.02,3.77,3.93,196.7,94.7,121.5,110.9,60
DEMO-10187-2010-223,10187,Demo Pitcher 187,2010,22.0,22.0,Pitcher,RP,Extension,9,40.71,330.38,DEMO,SYNTHETIC DEMO DATA - REPLACE BEFORE REAL USE,,2.0,157,0,0,4.12,,,,,,6.1,27.1,,,,,,34.5,27.2,3.21,3.42,3.5,61.6,99.1,104.5,101.7,65
DEMO-10187-2011-224,10187,Demo Pitcher 187,2011,23.0,23.0,Pitcher,RP,Free Agent,8,26.9,204.88,DEMO,SYNTHETIC DEMO DATA - REPLACE BEFORE REAL USE,,3.0,109,0,1,2.72,,,,,,8.0,31.2,,,,,,32.2,27.5,3.93,4.02,4.07,64.4,98.0,114.7,81.9,65
DEMO-10188-2020-225,10188,Demo Pitcher 188,2020,27.0,27.0,Pitcher,SP,Extension,9,45.89,385.59,DEMO,SYNTHETIC DEMO DATA - REPLACE BEFORE REAL USE,,6.0,0,0,0,4.06,,,,,,3.7,30.4,,,,,,26.5,32.3,2.48,3.0,2.86,208.9,95.6,117.3,106.8,60
DEMO-10188-2019-226,10188,Demo Pitcher 188,2019,26.0,26.0,Pitcher,SP,Free Agent,7,48.21,319.67,DEMO,SYNTHETIC DEMO DATA - REPLACE BEFORE REAL USE,,5.0,9,0,0,4.39,,,,,,6.1,31.6,,,,,,33.4,35.4,2.73,2.82,2.69,192.7,95.3,136.5,124.5,60
DEMO-10189-2020-227,10189,Demo Pitcher 189,2020,28.0,28.0,Pitcher,RP,Arbitration,1,15.97,15.97,DEMO,SYNTHETIC DEMO DATA - REPLACE BEFORE REAL USE,,4.0,54,0,0,2.98,,,,,,4.8,33.6,,,,,,32.9,24.9,3.2,3.08,3.4,65.7,98.2,115.0,102.6,60
DEMO-10190-2020-228,10190,Demo Pitcher 190,2020,32.0,32.0,Pitcher,SP,Free Agent,4,39.54,149.2,DEMO,SYNTHETIC DEMO DATA - REPLACE BEFORE REAL USE,,6.0,61,0,0,4.09,,,,,,6.6,26.2,,,,,,35.0,26.3,3.68,3.6,3.67,183.5,95.5,115.6,104.0,65
DEMO-10191-2021-229,10191,Demo Pitcher 191,2021,29.0,29.0,Pitcher,SP,Extension,6,35.88,191.87,DEMO,SYNTHETIC DEMO DATA - REPLACE BEFORE REAL USE,,2.0,0,0,0,2.75,,,,,,10.8,28.2,,,,,,34.4,26.3,3.48,3.62,3.72,166.1,94.6,114.3,102.8,60
DEMO-10192-2021-230,10192,Demo Pitcher 192,2021,28.0,28.0,Pitcher,RP,Extension,5,49.16,206.82,DEMO,SYNTHETIC DEMO DATA - REPLACE BEFORE REAL USE,,3.0,0,0,0,5.08,,,,,,3.2,34.5,,,,,,38.5,34.6,1.9,2.15,2.36,91.6,97.2,140.0,120.1,55
DEMO-10192-2025-231,10192,Demo Pitcher 192,2025,32.0,32.0,Pitcher,RP,Extension,5,42.87,200.25,DEMO,SYNTHETIC DEMO DATA - REPLACE BEFORE REAL USE,,7.0,8,0,0,3.78,,,,,,8.1,30.5,,,,,,33.6,26.2,3.23,3.4,3.65,72.5,98.2,120.7,111.8,55
DEMO-10193-2011-232,10193,Demo Pitcher 193,2011,23.0,23.0,Pitcher,RP,Free Agent,9,59.14,522.87,DEMO,SYNTHETIC DEMO DATA - REPLACE BEFORE REAL USE,,3.0,44,0,0,6.98,,,,,,2.5,37.6,,,,,,37.1,35.6,1.52,1.8,1.99,82.5,98.4,125.1,118.3,70
DEMO-10193-2010-233,10193,Demo Pitcher 193,2010,22.0,22.0,Pitcher,RP,Free Agent,9,34.4,310.9,DEMO,SYNTHETIC DEMO DATA - REPLACE BEFORE REAL USE,,2.0,7,0,0,5.13,,,,,,4.7,32.5,,,,,,31.0,35.8,2.08,2.8,2.83,71.9,98.5,127.2,113.9,70
DEMO-10194-2023-234,10194,Demo Pitcher 194,2023,24.0,24.0,Pitcher,SP,Free Agent,10,72.54,752.72,DEMO,SYNTHETIC DEMO DATA - REPLACE BEFORE REAL USE,,3.0,90,1,0,5.76,,,,,,4.4,35.4,,,,,,35.6,38.2,2.79,3.36,3.69,181.4,95.1,138.0,112.5,75
DEMO-10194-2022-235,10194,Demo Pitcher 194,2022,23.0,23.0,Pitcher,SP,Free Agent,10,72.11,652.8,DEMO,SYNTHETIC DEMO DATA - REPLACE BEFORE REAL USE,,2.0,21,1,0,6.04,,,,,,2.0,33.8,,,,,,36.6,37.4,2.27,2.19,1.96,210.8,95.3,130.2,115.4,75
DEMO-10195-2021-236,10195,Demo Pitcher 195,2021,26.0,26.0,Pitcher,RP,Free Agent,8,45.99,332.48,DEMO,SYNTHETIC DEMO DATA - REPLACE BEFORE REAL USE,,2.0,156,0,0,3.07,,,,,,5.6,29.3,,,,,,31.9,28.4,2.74,3.04,3.07,83.5,95.6,117.5,118.2,45
DEMO-10195-2022-237,10195,Demo Pitcher 195,2022,27.0,27.0,Pitcher,RP,Free Agent,9,33.22,269.2,DEMO,SYNTHETIC DEMO DATA - REPLACE BEFORE REAL USE,,3.0,47,0,0,2.35,,,,,,8.2,20.1,,,,,,24.4,24.7,3.73,3.47,3.5,75.1,97.4,122.0,113.8,45
DEMO-10196-2019-238,10196,Demo Pitcher 196,2019,25.0,25.0,Pitcher,SP,Free Agent,9,39.65,323.42,DEMO,SYNTHETIC DEMO DATA - REPLACE BEFORE REAL USE,,3.0,73,0,0,4.55,,,,,,6.3,28.0,,,,,,25.5,29.1,2.36,2.35,2.62,219.4,94.1,133.2,111.5,65
DEMO-10197-2014-239,10197,Demo Pitcher 197,2014,22.0,22.0,Pitcher,RP,Free Agent,10,40.22,353.51,DEMO,SYNTHETIC DEMO DATA - REPLACE BEFORE REAL USE,,2.0,0,0,0,4.78,,,,,,2.0,33.2,,,,,,38.7,34.3,2.66,3.04,2.75,84.9,98.8,118.7,90.2,60
DEMO-10197-2016-240,10197,Demo Pitcher 197,2016,24.0,24.0,Pitcher,RP,Free Agent,12,48.64,524.83,DEMO,SYNTHETIC DEMO DATA - REPLACE BEFORE REAL USE,,4.0,0,0,0,5.28,,,,,,4.8,28.7,,,,,,33.2,36.7,2.41,2.88,3.03,79.5,97.9,120.5,106.2,60
DEMO-10198-2014-241,10198,Demo Pitcher 198,2014,26.0,26.0,Pitcher,RP,Free Agent,7,57.29,368.36,DEMO,SYNTHETIC DEMO DATA - REPLACE BEFORE REAL USE,,4.0,53,0,0,6.27,,,,,,5.0,40.1,,,,,,31.6,34.3,2.32,2.12,1.89,60.7,97.8,137.7,118.6,65
DEMO-10199-2023-242,10199,Demo Pitcher 199,2023,29.0,29.0,Pitcher,RP,Free Agent,7,38.11,229.91,DEMO,SYNTHETIC DEMO DATA - REPLACE BEFORE REAL USE,,3.0,56,0,0,3.12,,,,,,7.2,26.7,,,,,,30.1,29.2,3.09,3.22,3.11,59.6,98.0,116.0,90.5,55
DEMO-10199-2022-243,10199,Demo Pitcher 199,2022,28.0,28.0,Pitcher,RP,Extension,8,38.14,292.04,DEMO,SYNTHETIC DEMO DATA - REPLACE BEFORE REAL USE,,2.0,51,0,0,3.14,,,,,,5.6,26.7,,,,,,34.4,33.7,2.78,3.07,2.78,62.7,96.4,110.6,110.5,55
DEMO-10200-2021-244,10200,Demo Pitcher 200,2021,27.0,27.0,Pitcher,SP,Free Agent,6,32.55,187.01,DEMO,SYNTHETIC DEMO DATA - REPLACE BEFORE REAL USE,,3.0,0,0,0,1.88,,,,,,8.4,23.3,,,,,,33.9,26.8,3.53,3.82,3.79,192.1,95.1,102.6,92.0,55
DEMO-10201-2016-245,10201,Demo Pitcher 201,2016,34.0,34.0,Pitcher,SP,Arbitration,1,5.06,5.06,DEMO,SYNTHETIC DEMO DATA - REPLACE BEFORE REAL USE,,7.0,18,1,0,0.33,,,,,,7.8,17.3,,,,,,29.9,16.6,4.59,4.46,4.79,179.1,94.5,109.1,90.9,50
DEMO-10202-2022-246,10202,Demo Pitcher 202,2022,25.0,25.0,Pitcher,RP,Free Agent,11,48.12,518.8,DEMO,SYNTHETIC DEMO DATA - REPLACE BEFORE REAL USE,,2.0,59,0,0,3.53,,,,,,6.3,27.0,,,,,,37.0,26.6,3.03,3.29,3.15,65.6,97.0,122.0,113.2,50
DEMO-10203-2021-247,10203,Demo Pitcher 203,2021,24.0,24.0,Pitcher,SP,Extension,10,43.67,394.65,DEMO,SYNTHETIC DEMO DATA - REPLACE BEFORE REAL USE,,3.0,126,0,0,3.44,,,,,,5.5,28.5,,,,,,31.3,28.4,2.89,3.41,3.38,198.6,94.6,123.8,109.2,50
DEMO-10204-2015-248,10204,Demo Pitcher 204,2015,28.0,28.0,Pitcher,RP,Free Agent,7,19.4,125.77,DEMO,SYNTHETIC DEMO DATA - REPLACE BEFORE REAL USE,,3.0,10,0,0,1.4,,,,,,7.4,18.2,,,,,,29.6,20.6,3.38,3.53,3.64,66.5,94.5,94.2,107.3,45
DEMO-10205-2021-249,10205,Demo Pitcher 205,2021,28.0,28.0,Pitcher,SP,Extension,5,48.69,229.15,DEMO,SYNTHETIC DEMO DATA - REPLACE BEFORE REAL USE,,3.0,13,0,0,5.1,,,,,,4.0,26.9,,,,,,32.1,33.4,3.19,2.83,2.61,175.7,96.4,138.7,97.8,55
DEMO-10205-2022-250,10205,Demo Pitcher 205,2022,29.0,29.0,Pitcher,SP,Free Agent,4,37.03,137.13,DEMO,SYNTHETIC DEMO DATA - REPLACE BEFORE REAL USE,,4.0,99,0,0,2.98,,,,,,9.6,33.3,,,,,,33.7,26.7,3.36,3.36,3.57,214.4,95.5,118.1,115.7,55
DEMO-10206-2014-251,10206,Demo Pitcher 206,2014,30.0,30.0,Pitcher,RP,Free Agent,6,31.7,185.06,DEMO,SYNTHETIC DEMO DATA - REPLACE BEFORE REAL USE,,3.0,49,0,0,3.17,,,,,,7.9,23.5,,,,,,32.2,28.5,3.07,3.42,3.53,53.7,98.1,105.8,104.9,65
DEMO-10207-2024-252,10207,Demo Pitcher 207,2024,32.0,32.0,Pitcher,SP,Free Agent,3,40.99,113.02,DEMO,SYNTHETIC DEMO DATA - REPLACE BEFORE REAL USE,,7.0,67,0,0,3.2,,,,,,7.5,30.4,,,,,,31.3,27.8,3.3,3.21,3.33,219.0,94.1,111.7,105.8,55
DEMO-10208-2021-253,10208,Demo Pitcher 208,2021,23.0,23.0,Pitcher,SP,Free Agent,9,55.4,487.83,DEMO,SYNTHETIC DEMO DATA - REPLACE BEFORE REAL USE,,3.0,0,0,0,4.53,,,,,,4.8,34.8,,,,,,36.5,35.8,2.37,2.44,2.48,192.3,94.9,112.8,108.9,55
DEMO-10209-2010-254,10209,Demo Pitcher 209,2010,25.0,25.0,Pitcher,RP,Extension,8,3.52,23.0,DEMO,SYNTHETIC DEMO DATA - REPLACE BEFORE REAL USE,,2.0,77,0,0,0.66,,,,,,8.7,23.9,,,,,,31.7,26.7,4.66,4.4,4.45,58.1,93.3,90.7,92.6,55
DEMO-10210-2022-255,10210,Demo Pitcher 210,2022,29.0,29.0,Pitcher,SP,Free Agent,6,58.03,325.57,DEMO,SYNTHETIC DEMO DATA - REPLACE BEFORE REAL USE,,4.0,72,0,0,4.61,,,,,,5.6,30.8,,,,,,35.1,30.3,2.28,2.36,2.66,189.2,95.9,121.0,110.7,55
DEMO-10211-2022-256,10211,Demo Pitcher 211,2022,26.0,26.0,Pitcher,SP,Free Agent,10,45.22,417.85,DEMO,SYNTHETIC DEMO DATA - REPLACE BEFORE REAL USE,,4.0,33,0,0,2.97,,,,,,10.0,25.3,,,,,,29.7,35.9,2.28,3.23,3.2,188.2,95.2,99.0,95.9,55
DEMO-10211-2021-257,10211,Demo Pitcher 211,2021,25.0,25.0,Pitcher,SP,Extension,8,26.04,184.3,DEMO,SYNTHETIC DEMO DATA - REPLACE BEFORE REAL USE,,3.0,79,0,0,2.36,,,,,,6.0,23.8,,,,,,28.9,31.4,3.81,3.83,3.79,196.3,93.6,98.9,110.2,55
DEMO-10212-2015-258,10212,Demo Pitcher 212,2015,25.0,25.0,Pitcher,RP,Extension,7,33.62,212.35,DEMO,SYNTHETIC DEMO DATA - REPLACE BEFORE REAL USE,,2.0,34,0,0,3.24,,,,,,6.9,20.6,,,,,,31.3,25.1,2.9,2.9,2.96,62.2,95.1,104.8,105.1,50
DEMO-10213-2015-259,10213,Demo Pitcher 213,2015,29.0,29.0,Pitcher,SP,Extension,6,20.39,119.13,DEMO,SYNTHETIC DEMO DATA - REPLACE BEFORE REAL USE,,4.0,15,0,0,2.62,,,,,,10.2,23.7,,,,,,28.7,28.3,3.4,3.33,3.48,196.9,96.1,116.9,107.4,60
DEMO-10214-2015-260,10214,Demo Pitcher 214,2015,24.0,24.0,Pitcher,SP,Free Agent,8,23.79,178.22,DEMO,SYNTHETIC DEMO DATA - REPLACE BEFORE REAL USE,,3.0,64,0,0,3.1,,,,,,8.5,28.6,,,,,,30.5,29.3,3.62,3.77,3.59,236.4,96.4,114.8,108.1,55
DEMO-10215-2017-261,10215,Demo Pitcher 215,2017,30.0,30.0,Pitcher,SP,Extension,4,29.26,101.86,DEMO,SYNTHETIC DEMO DATA - REPLACE BEFORE REAL USE,,4.0,13,0,0,3.16,,,,,,7.2,24.2,,,,,,30.6,34.8,3.33,3.1,3.25,154.2,93.9,107.3,105.8,50
DEMO-10215-2015-262,10215,Demo Pitcher 215,2015,28.0,28.0,Pitcher,SP,Free Agent,6,40.33,230.78,DEMO,SYNTHETIC DEMO DATA - REPLACE BEFORE REAL USE,,2.0,82,0,0,3.54,,,,,,7.3,27.3,,,,,,32.5,24.9,2.48,2.87,2.75,155.8,94.0,118.5,108.4,50
DEMO-10216-2017-263,10216,Demo Pitcher 216,2017,32.0,32.0,Pitcher,SP,Extension,5,28.96,129.13,DEMO,SYNTHETIC DEMO DATA - REPLACE BEFORE REAL USE,,6.0,55,0,0,3.12,,,,,,5.2,23.5,,,,,,31.5,32.0,3.78,3.76,3.92,172.6,93.9,111.5,98.1,55
DEMO-10217-2019-264,10217,Demo Pitcher 217,2019,24.0,24.0,Pitcher,SP,Free Agent,9,49.25,408.2,DEMO,SYNTHETIC DEMO DATA - REPLACE BEFORE REAL USE,,2.0,0,0,0,4.47,,,,,,8.1,25.6,,,,,,31.7,30.2,3.97,3.44,3.64,154.0,94.5,121.1,101.9,55
DEMO-10217-2020-265,10217,Demo Pitcher 217,2020,25.0,25.0,Pitcher,SP,Extension,8,44.1,331.7,DEMO,SYNTHETIC DEMO DATA - REPLACE BEFORE REAL USE,,3.0,20,0,0,4.57,,,,,,4.8,34.1,,,,,,36.6,35.1,2.81,2.87,2.96,211.7,95.8,131.6,115.4,55
DEMO-10218-2020-266,10218,Demo Pitcher 218,2020,25.0,25.0,Pitcher,RP,Free Agent,8,10.31,63.33,DEMO,SYNTHETIC DEMO DATA - REPLACE BEFORE REAL USE,,3.0,84,0,0,1.26,,,,,,9.1,23.5,,,,,,29.9,29.3,3.05,3.16,2.82,50.4,94.7,112.6,103.6,55
DEMO-10219-2024-267,10219,Demo Pitcher 219,2024,24.0,24.0,Pitcher,RP,Free Agent,11,26.13,277.87,DEMO,SYNTHETIC DEMO DATA - REPLACE BEFORE REAL USE,,3.0,108,0,0,1.96,,,,,,6.5,30.3,,,,,,26.9,18.6,4.43,3.88,3.64,61.5,97.6,109.2,92.4,65
DEMO-10220-2016-268,10220,Demo Pitcher 220,2016,29.0,29.0,Pitcher,SP,Extension,8,24.79,180.24,DEMO,SYNTHETIC DEMO DATA - REPLACE BEFORE REAL USE,,3.0,0,0,0,2.85,,,,,,3.3,23.4,,,,,,30.6,30.7,3.95,3.87,3.95,167.4,96.8,125.3,102.6,50
DEMO-10221-2022-269,10221,Demo Pitcher 221,2022,29.0,29.0,Pitcher,SP,Free Agent,9,53.65,416.47,DEMO,SYNTHETIC DEMO DATA - REPLACE BEFORE REAL USE,,2.0,18,0,0,5.08,,,,,,7.0,28.3,,,,,,33.7,34.0,2.57,2.81,3.07,192.4,94.7,126.6,111.3,65
DEMO-10222-2012-270,10222,Demo Pitcher 222,2012,28.0,28.0,Pitcher,SP,Free Agent,5,47.6,233.8,DEMO,SYNTHETIC DEMO DATA - REPLACE BEFORE REAL USE,,2.0,129,0,0,5.13,,,,,,5.0,30.9,,,,,,35.1,33.4,3.16,3.28,3.42,170.8,97.0,126.9,107.6,55
DEMO-10223-2014-271,10223,Demo Pitcher 223,2014,24.0,24.0,Pitcher,RP,Extension,9,27.43,198.18,DEMO,SYNTHETIC DEMO DATA - REPLACE BEFORE REAL USE,,3.0,30,0,0,2.98,,,,,,8.4,28.5,,,,,,31.8,25.9,4.04,3.68,3.72,62.0,98.5,109.3,89.9,65
DEMO-10224-2021-272,10224,Demo Pitcher 224,2021,30.0,30.0,Pitcher,RP,Free Agent,5,59.16,246.0,DEMO,SYNTHETIC DEMO DATA - REPLACE BEFORE REAL USE,,4.0,27,0,0,5.11,,,,,,6.0,34.3,,,,,,35.6,34.7,3.18,2.99,2.77,79.1,98.6,118.8,113.4,55
DEMO-10225-2011-273,10225,Demo Pitcher 225,2011,24.0,24.0,Pitcher,SP,Extension,9,27.09,226.76,DEMO,SYNTHETIC DEMO DATA - REPLACE BEFORE REAL USE,,2.0,0,0,0,3.47,,,,,,11.0,30.5,,,,,,33.8,25.6,3.55,3.07,2.9,166.7,95.2,110.9,95.7,55
DEMO-10225-2012-274,10225,Demo Pitcher 225,2012,25.0,25.0,Pitcher,SP,Free Agent,12,31.24,337.82,DEMO,SYNTHETIC DEMO DATA - REPLACE BEFORE REAL USE,,3.0,0,0,0,3.72,,,,,,4.2,29.4,,,,,,34.3,29.0,3.17,3.42,3.29,191.9,99.4,123.5,100.1,55
DEMO-10226-2014-275,10226,Demo Pitcher 226,2014,25.0,25.0,Pitcher,RP,Free Agent,7,37.44,251.69,DEMO,SYNTHETIC DEMO DATA - REPLACE BEFORE REAL USE,,2.0,24,0,0,4.57,,,,,,3.8,32.2,,,,,,32.2,30.2,3.09,2.82,3.01,77.5,97.7,135.8,104.2,60
DEMO-10227-2022-276,10227,Demo Pitcher 227,2022,26.0,26.0,Pitcher,RP,Extension,8,49.79,395.99,DEMO,SYNTHETIC DEMO DATA - REPLACE BEFORE REAL USE,,3.0,17,0,0,3.74,,,,,,4.9,29.3,,,,,,30.2,32.7,2.57,2.5,2.8,68.5,95.8,128.3,98.3,40
DEMO-10228-2015-277,10228,Demo Pitcher 228,2015,24.0,24.0,Pitcher,SP,Extension,8,35.77,268.7,DEMO,SYNTHETIC DEMO DATA - REPLACE BEFORE REAL USE,,3.0,19,0,0,2.39,,,,,,5.9,21.9,,,,,,30.1,25.4,4.65,4.47,4.32,153.5,96.5,98.1,97.8,65
DEMO-10229-2018-278,10229,Demo Pitcher 229,2018,26.0,26.0,Pitcher,SP,Free Agent,11,58.71,584.26,DEMO,SYNTHETIC DEMO DATA - REPLACE BEFORE REAL USE,,2.0,46,0,0,5.3,,,,,,4.4,31.8,,,,,,35.1,33.7,2.46,2.45,2.38,176.6,97.6,127.2,95.4,65
DEMO-10230-2015-279,10230,Demo Pitcher 230,2015,25.0,25.0,Pitcher,SP,Arbitration,1,10.36,10.36,DEMO,SYNTHETIC DEMO DATA - REPLACE BEFORE REAL USE,,3.0,34,0,0,3.0,,,,,,7.8,33.0,,,,,,28.9,32.2,4.0,3.39,3.51,183.3,94.1,114.9,104.6,55
DEMO-10231-2025-280,10231,Demo Pitcher 231,2025,26.0,26.0,Pitcher,SP,Free Agent,7,64.96,432.94,DEMO,SYNTHETIC DEMO DATA - REPLACE BEFORE REAL USE,,5.0,41,0,0,4.86,,,,,,5.2,33.8,,,,,,33.3,34.0,2.89,2.87,2.91,202.0,94.3,129.7,111.3,65
DEMO-10231-2022-281,10231,Demo Pitcher 231,2022,23.0,23.0,Pitcher,SP,Free Agent,9,54.39,483.76,DEMO,SYNTHETIC DEMO DATA - REPLACE BEFORE REAL USE,,2.0,30,0,0,4.73,,,,,,7.0,31.2,,,,,,31.2,29.2,2.58,2.52,2.56,181.1,96.4,127.1,110.9,65
DEMO-10232-2016-282,10232,Demo Pitcher 232,2016,29.0,29.0,Pitcher,RP,Free Agent,9,35.11,295.34,DEMO,SYNTHETIC DEMO DATA - REPLACE BEFORE REAL USE,,4.0,54,0,0,2.71,,,,,,5.3,25.1,,,,,,32.2,28.4,3.09,3.21,3.41,76.0,97.4,118.9,106.1,55
DEMO-10233-2022-283,10233,Demo Pitcher 233,2022,25.0,25.0,Pitcher,RP,Extension,8,47.57,364.35,DEMO,SYNTHETIC DEMO DATA - REPLACE BEFORE REAL USE,,2.0,0,0,0,2.8,,,,,,8.2,23.7,,,,,,33.9,30.1,3.2,3.54,3.76,80.8,97.2,117.4,101.8,45
DEMO-10234-2025-284,10234,Demo Pitcher 234,2025,31.0,31.0,Pitcher,RP,Free Agent,3,49.96,133.85,DEMO,SYNTHETIC DEMO DATA - REPLACE BEFORE REAL USE,,5.0,17,0,0,4.09,,,,,,5.0,31.8,,,,,,38.8,34.1,2.96,3.47,3.37,66.6,96.4,124.4,104.7,55
DEMO-10235-2024-285,10235,Demo Pitcher 235,2024,28.0,28.0,Pitcher,SP,Extension,6,47.65,274.55,DEMO,SYNTHETIC DEMO DATA - REPLACE BEFORE REAL USE,,3.0,10,0,0,3.25,,,,,,3.1,30.4,,,,,,33.7,25.7,3.01,3.04,2.79,172.4,93.3,111.4,114.5,65
DEMO-10236-2024-286,10236,Demo Pitcher 236,2024,32.0,32.0,Pitcher,SP,Arbitration,1,17.48,17.48,DEMO,SYNTHETIC DEMO DATA - REPLACE BEFORE REAL USE,,8.0,74,0,0,4.0,,,,,,5.3,32.5,,,,,,35.7,29.8,3.37,3.39,3.81,177.8,96.4,131.1,115.2,55
DEMO-10236-2020-287,10236,Demo Pitcher 236,2020,28.0,28.0,Pitcher,SP,Extension,5,31.27,164.86,DEMO,SYNTHETIC DEMO DATA - REPLACE BEFORE REAL USE,,4.0,57,0,0,2.69,,,,,,3.4,28.6,,,,,,28.6,33.3,2.42,2.81,2.47,169.4,95.9,128.0,115.7,55
DEMO-10237-2023-288,10237,Demo Pitcher 237,2023,26.0,26.0,Pitcher,RP,Free Agent,6,22.29,114.34,DEMO,SYNTHETIC DEMO DATA - REPLACE BEFORE REAL USE,,6.0,102,0,0,1.58,,,,,,10.3,26.8,,,,,,29.3,24.6,4.27,3.72,3.96,65.4,94.7,89.9,97.1,50
DEMO-10238-2022-289,10238,Demo Pitcher 238,2022,29.0,29.0,Pitcher,RP,Free Agent,6,37.46,207.57,DEMO,SYNTHETIC DEMO DATA - REPLACE BEFORE REAL USE,,7.0,0,0,0,2.75,,,,,,5.8,26.2,,,,,,29.9,23.3,3.72,3.48,3.47,64.4,96.2,108.8,105.9,50
DEMO-10239-2017-290,10239,Demo Pitcher 239,2017,23.0,23.0,Pitcher,RP,Extension,9,39.41,330.69,DEMO,SYNTHETIC DEMO DATA - REPLACE BEFORE REAL USE,,2.0,96,0,1,3.24,,,,,,9.3,25.2,,,,,,35.7,28.5,3.39,2.83,2.67,78.0,95.4,117.6,102.3,45
DEMO-10240-2015-291,10240,Demo Pitcher 240,2015,25.0,25.0,Pitcher,SP,Extension,8,27.82,200.57,DEMO,SYNTHETIC DEMO DATA - REPLACE BEFORE REAL USE,,2.0,17,0,0,2.51,,,,,,5.1,26.8,,,,,,33.5,28.4,3.71,3.43,3.24,197.4,95.5,107.4,101.9,50
DEMO-10240-2021-292,10240,Demo Pitcher 240,2021,31.0,31.0,Pitcher,SP,Free Agent,2,11.99,25.29,DEMO,SYNTHETIC DEMO DATA - REPLACE BEFORE REAL USE,,8.0,4,0,0,1.2,,,,,,7.1,27.5,,,,,,30.4,29.0,4.1,4.38,4.7,156.5,92.0,104.0,107.7,50
DEMO-10241-2022-293,10241,Demo Pitcher 241,2022,28.0,28.0,Pitcher,SP,Free Agent,5,21.77,102.22,DEMO,SYNTHETIC DEMO DATA - REPLACE BEFORE REAL USE,,2.0,104,0,0,1.6,,,,,,7.8,26.5,,,,,,30.2,26.1,2.96,3.32,3.2,173.0,95.0,106.4,109.7,45
DEMO-10242-2021-294,10242,Demo Pitcher 242,2021,24.0,24.0,Pitcher,SP,Extension,8,42.75,325.63,DEMO,SYNTHETIC DEMO DATA - REPLACE BEFORE REAL USE,,3.0,43,0,0,3.22,,,,,,2.0,26.6,,,,,,35.3,28.5,2.91,3.2,3.54,151.5,93.1,120.7,104.4,65
DEMO-10243-2019-295,10243,Demo Pitcher 243,2019,25.0,25.0,Pitcher,RP,Arbitration,1,21.92,21.92,DEMO,SYNTHETIC DEMO DATA - REPLACE BEFORE REAL USE,,3.0,48,0,0,5.74,,,,,,2.0,33.8,,,,,,34.0,32.1,2.97,2.57,2.88,76.6,99.6,131.1,111.4,60
DEMO-10244-2020-296,10244,Demo Pitcher 244,2020,26.0,26.0,Pitcher,SP,Extension,6,53.88,293.82,DEMO,SYNTHETIC DEMO DATA - REPLACE BEFORE REAL USE,,2.0,23,0,0,4.52,,,,,,8.4,27.9,,,,,,33.2,27.6,1.82,2.45,2.5,210.4,94.8,120.9,107.4,55
DEMO-10245-2016-297,10245,Demo Pitcher 245,2016,31.0,31.0,Pitcher,RP,Extension,1,16.22,16.22,DEMO,SYNTHETIC DEMO DATA - REPLACE BEFORE REAL USE,,4.0,71,0,0,1.1,,,,,,7.6,25.4,,,,,,30.9,30.5,4.05,4.09,4.3,61.5,95.7,97.2,100.6,55
DEMO-10246-2014-298,10246,Demo Pitcher 246,2014,25.0,25.0,Pitcher,RP,Free Agent,9,53.6,429.08,DEMO,SYNTHETIC DEMO DATA - REPLACE BEFORE REAL USE,,2.0,70,0,0,5.84,,,,,,5.7,29.7,,,,,,40.7,31.4,2.28,2.08,1.85,84.2,98.2,126.4,115.7,65
DEMO-10247-2020-299,10247,Demo Pitcher 247,2020,28.0,28.0,Pitcher,SP,Free Agent,7,44.93,306.92,DEMO,SYNTHETIC DEMO DATA - REPLACE BEFORE REAL USE,,4.0,31,0,0,3.62,,,,,,7.0,27.1,,,,,,29.5,28.7,2.96,2.5,2.65,174.2,94.4,113.9,109.0,60
DEMO-10248-2013-300,10248,Demo Pitcher 248,2013,28.0,28.0,Pitcher,SP,Free Agent,7,51.28,348.26,DEMO,SYNTHETIC DEMO DATA - REPLACE BEFORE REAL USE,,2.0,18,0,0,5.6,,,,,,5.4,32.6,,,,,,34.9,29.9,2.35,3.18,3.11,188.7,95.4,136.6,111.2,60
DEMO-10249-2016-301,10249,Demo Pitcher 249,2016,33.0,33.0,Pitcher,SP,Free Agent,6,41.05,242.51,DEMO,SYNTHETIC DEMO DATA - REPLACE BEFORE REAL USE,,6.0,0,0,0,3.72,,,,,,8.0,23.4,,,,,,29.7,30.0,2.9,2.72,2.68,173.5,92.8,126.5,99.5,60
DEMO-10249-2014-302,10249,Demo Pitcher 249,2014,31.0,31.0,Pitcher,SP,Free Agent,4,38.74,143.11,DEMO,SYNTHETIC DEMO DATA - REPLACE BEFORE REAL USE,,4.0,20,0,0,3.43,,,,,,4.7,29.6,,,,,,29.1,28.2,3.77,3.35,3.39,194.0,96.4,104.0,114.6,60
DEMO-10250-2017-303,10250,Demo Pitcher 250,2017,24.0,24.0,Pitcher,RP,Free Agent,9,18.9,147.61,DEMO,SYNTHETIC DEMO DATA - REPLACE BEFORE REAL USE,,3.0,17,0,0,2.02,,,,,,5.2,27.0,,,,,,33.2,25.7,4.15,3.91,4.16,64.9,95.1,112.4,117.6,50
DEMO-10251-2021-304,10251,Demo Pitcher 251,2021,22.0,22.0,Pitcher,RP,Free Agent,7,39.17,253.25,DEMO,SYNTHETIC DEMO DATA - REPLACE BEFORE REAL USE,,2.0,53,0,0,3.34,,,,,,5.3,24.6,,,,,,37.9,26.8,3.44,3.42,3.26,71.3,94.2,120.7,106.5,50
DEMO-10251-2025-305,10251,Demo Pitcher 251,2025,26.0,26.0,Pitcher,RP,Extension,7,48.93,347.64,DEMO,SYNTHETIC DEMO DATA - REPLACE BEFORE REAL USE,,6.0,45,0,0,3.73,,,,,,5.4,27.0,,,,,,31.4,31.6,2.83,2.87,2.32,70.7,97.1,126.9,114.0,50
DEMO-10252-2024-306,10252,Demo Pitcher 252,2024,30.0,30.0,Pitcher,SP,Extension,4,77.05,292.93,DEMO,SYNTHETIC DEMO DATA - REPLACE BEFORE REAL USE,,3.0,45,0,0,6.55,,,,,,2.0,38.0,,,,,,33.3,35.8,2.04,2.07,2.23,188.2,95.1,129.4,116.5,65
DEMO-10253-2012-307,10253,Demo Pitcher 253,2012,26.0,26.0,Pitcher,RP,Free Agent,8,33.77,253.77,DEMO,SYNTHETIC DEMO DATA - REPLACE BEFORE REAL USE,,3.0,81,0,0,3.89,,,,,,5.3,29.5,,,,,,29.3,31.2,2.42,2.7,2.68,59.9,96.6,113.7,102.7,50
DEMO-10253-2015-308,10253,Demo Pitcher 253,2015,29.0,29.0,Pitcher,RP,Extension,4,34.77,134.76,DEMO,SYNTHETIC DEMO DATA - REPLACE BEFORE REAL USE,,6.0,75,0,0,3.16,,,,,,5.3,29.8,,,,,,30.4,31.4,4.18,3.85,3.66,77.9,96.1,115.9,106.6,50
DEMO-10254-2018-309,10254,Demo Pitcher 254,2018,29.0,29.0,Pitcher,SP,Arbitration,1,17.91,17.91,DEMO,SYNTHETIC DEMO DATA - REPLACE BEFORE REAL USE,,2.0,93,0,1,4.64,,,,,,6.7,34.0,,,,,,34.7,33.0,2.5,2.56,2.35,170.5,96.4,137.4,102.5,75
DEMO-10255-2020-310,10255,Demo Pitcher 255,2020,29.0,29.0,Pitcher,RP,Extension,7,34.2,218.51,DEMO,SYNTHETIC DEMO DATA - REPLACE BEFORE REAL USE,,3.0,74,0,0,3.1,,,,,,4.5,28.0,,,,,,34.0,30.4,3.14,3.2,3.27,72.4,96.2,125.0,112.2,60
DEMO-10255-2022-311,10255,Demo Pitcher 255,2022,31.0,31.0,Pitcher,RP,Extension,5,30.35,153.89,DEMO,SYNTHETIC DEMO DATA - REPLACE BEFORE REAL USE,,5.0,46,0,0,2.47,,,,,,9.4,28.7,,,,,,32.8,32.7,2.68,3.0,3.18,54.6,97.2,121.0,114.3,60
DEMO-10256-2017-312,10256,Demo Pitcher 256,2017,30.0,30.0,Pitcher,SP,Free Agent,5,32.11,149.13,DEMO,SYNTHETIC DEMO DATA - REPLACE BEFORE REAL USE,,3.0,35,0,0,2.85,,,,,,8.2,32.3,,,,,,36.9,30.9,3.59,3.5,3.76,150.7,95.0,111.6,105.2,60
DEMO-10257-2018-313,10257,Demo Pitcher 257,2018,25.0,25.0,Pitcher,RP,Extension,10,42.15,382.42,DEMO,SYNTHETIC DEMO DATA - REPLACE BEFORE REAL USE,,3.0,76,0,0,4.09,,,,,,6.3,28.7,,,,,,30.2,31.0,2.91,2.88,2.84,56.4,96.5,119.7,117.6,55
DEMO-10258-2020-314,10258,Demo Pitcher 258,2020,25.0,25.0,Pitcher,SP,Free Agent,10,26.91,269.06,DEMO,SYNTHETIC DEMO DATA - REPLACE BEFORE REAL USE,,3.0,0,0,1,1.91,,,,,,8.9,22.9,,,,,,30.4,28.8,2.9,3.33,3.61,165.4,94.0,103.6,117.4,55
DEMO-10258-2019-315,10258,Demo Pitcher 258,2019,24.0,24.0,Pitcher,SP,Free Agent,8,22.27,168.74,DEMO,SYNTHETIC DEMO DATA - REPLACE BEFORE REAL USE,,2.0,17,0,1,1.65,,,,,,4.7,23.2,,,,,,31.8,30.9,3.6,4.15,4.21,170.0,95.2,112.9,89.0,55
DEMO-10259-2016-316,10259,Demo Pitcher 259,2016,23.0,23.0,Pitcher,RP,Extension,12,51.11,576.68,DEMO,SYNTHETIC DEMO DATA - REPLACE BEFORE REAL USE,,2.0,0,0,0,5.05,,,,,,4.2,31.2,,,,,,34.4,36.9,2.64,2.39,2.44,80.4,98.1,128.0,105.6,55
DEMO-10260-2020-317,10260,Demo Pitcher 260,2020,31.0,31.0,Pitcher,SP,Extension,3,57.13,167.94,DEMO,SYNTHETIC DEMO DATA - REPLACE BEFORE REAL USE,,4.0,78,0,0,5.51,,,,,,3.3,38.3,,,,,,36.1,32.5,2.44,2.34,2.07,214.8,96.0,142.8,114.9,60
DEMO-10261-2023-318,10261,Demo Pitcher 261,2023,22.0,22.0,Pitcher,RP,Free Agent,11,69.91,707.75,DEMO,SYNTHETIC DEMO DATA - REPLACE BEFORE REAL USE,,2.0,43,0,0,5.07,,,,,,7.2,32.7,,,,,,31.4,29.8,2.79,2.69,2.81,86.0,98.2,126.8,101.0,60
DEMO-10262-2024-319,10262,Demo Pitcher 262,2024,23.0,23.0,Pitcher,SP,Extension,12,48.05,558.39,DEMO,SYNTHETIC DEMO DATA - REPLACE BEFORE REAL USE,,3.0,6,0,0,3.73,,,,,,5.1,27.4,,,,,,35.8,28.9,2.12,2.32,2.22,197.2,94.0,113.5,101.5,50
DEMO-10263-2016-320,10263,Demo Pitcher 263,2016,30.0,30.0,Pitcher,RP,Free Agent,4,44.41,174.92,DEMO,SYNTHETIC DEMO DATA - REPLACE BEFORE REAL USE,,3.0,58,0,0,3.93,,,,,,8.2,24.7,,,,,,32.1,29.1,3.73,3.03,2.55,63.0,96.8,130.9,118.6,55
DEMO-10264-2017-321,10264,Demo Pitcher 264,2017,27.0,27.0,Pitcher,RP,Free Agent,9,36.61,305.74,DEMO,SYNTHETIC DEMO DATA - REPLACE BEFORE REAL USE,,3.0,37,0,0,4.0,,,,,,2.0,26.5,,,,,,30.0,32.3,2.14,2.67,2.53,71.9,96.6,108.7,113.9,50
DEMO-10264-2019-322,10264,Demo Pitcher 264,2019,29.0,29.0,Pitcher,RP,Free Agent,5,51.52,213.53,DEMO,SYNTHETIC DEMO DATA - REPLACE BEFORE REAL USE,,5.0,30,0,0,4.21,,,,,,4.3,29.5,,,,,,36.6,31.6,2.16,2.82,3.0,70.7,98.7,121.8,117.4,50
DEMO-10265-2025-323,10265,Demo Pitcher 265,2025,30.0,30.0,Pitcher,RP,Free Agent,6,70.97,436.55,DEMO,SYNTHETIC DEMO DATA - REPLACE BEFORE REAL USE,,7.0,91,0,0,5.64,,,,,,5.9,32.0,,,,,,38.7,34.6,1.99,1.91,2.2,62.2,98.3,112.8,105.7,65
DEMO-10266-2015-324,10266,Demo Pitcher 266,2015,29.0,29.0,Pitcher,RP,Free Agent,4,66.57,225.63,DEMO,SYNTHETIC DEMO DATA - REPLACE BEFORE REAL USE,,4.0,14,0,0,7.02,,,,,,4.3,37.3,,,,,,36.1,32.2,1.81,1.96,2.11,74.2,99.0,138.7,114.5,65
DEMO-10267-2018-325,10267,Demo Pitcher 267,2018,32.0,32.0,Pitcher,RP,Free Agent,4,40.05,146.22,DEMO,SYNTHETIC DEMO DATA - REPLACE BEFORE REAL USE,,7.0,52,0,1,3.82,,,,,,8.0,30.6,,,,,,32.0,24.7,2.72,2.82,2.76,63.5,98.3,109.1,96.1,55
DEMO-10268-2020-326,10268,Demo Pitcher 268,2020,31.0,31.0,Pitcher,SP,Extension,4,16.54,63.42,DEMO,SYNTHETIC DEMO DATA - REPLACE BEFORE REAL USE,,8.0,0,0,0,1.1,,,,,,9.1,19.1,,,,,,27.3,29.2,3.41,3.73,3.96,147.5,92.9,89.7,101.7,45
DEMO-10269-2020-327,10269,Demo Pitcher 269,2020,29.0,29.0,Pitcher,RP,Free Agent,5,58.38,266.91,DEMO,SYNTHETIC DEMO DATA - REPLACE BEFORE REAL USE,,3.0,41,0,0,4.99,,,,,,2.7,27.7,,,,,,38.5,34.6,2.95,2.51,2.75,71.8,98.8,130.7,125.0,45
DEMO-10269-2019-328,10269,Demo Pitcher 269,2019,28.0,28.0,Pitcher,RP,Free Agent,7,57.19,325.28,DEMO,SYNTHETIC DEMO DATA - REPLACE BEFORE REAL USE,,2.0,22,0,0,5.16,,,,,,3.6,31.2,,,,,,34.2,33.9,2.45,2.59,2.67,56.1,98.0,137.3,110.1,45
DEMO-10270-2021-329,10270,Demo Pitcher 270,2021,23.0,23.0,Pitcher,SP,Arbitration,1,21.69,21.69,DEMO,SYNTHETIC DEMO DATA - REPLACE BEFORE REAL USE,,3.0,94,0,0,5.16,,,,,,2.0,33.6,,,,,,34.8,33.0,3.06,2.66,2.5,240.8,95.8,142.2,116.9,75
DEMO-10270-2022-330,10270,Demo Pitcher 270,2022,24.0,24.0,Pitcher,SP,Extension,9,66.44,524.18,DEMO,SYNTHETIC DEMO DATA - REPLACE BEFORE REAL USE,,4.0,132,0,0,6.14,,,,,,6.1,35.9,,,,,,35.4,35.8,2.95,2.29,2.6,203.4,95.5,113.3,110.0,75
DEMO-10271-2017-331,10271,Demo Pitcher 271,2017,31.0,31.0,Pitcher,SP,Free Agent,2,5.15,9.04,DEMO,SYNTHETIC DEMO DATA - REPLACE BEFORE REAL USE,,4.0,0,0,0,-0.09,,,,,,8.5,18.5,,,,,,24.3,27.5,4.64,4.73,4.78,163.0,93.3,104.8,87.4,45
DEMO-10272-2017-332,10272,Demo Pitcher 272,2017,28.0,28.0,Pitcher,SP,Free Agent,7,35.83,213.46,DEMO,SYNTHETIC DEMO DATA - REPLACE BEFORE REAL USE,,2.0,67,0,0,2.82,,,,,,7.1,24.8,,,,,,33.7,29.0,3.25,3.0,3.37,192.6,94.5,113.6,100.4,50
DEMO-10273-2017-333,10273,Demo Pitcher 273,2017,27.0,27.0,Pitcher,RP,Extension,10,44.64,419.08,DEMO,SYNTHETIC DEMO DATA - REPLACE BEFORE REAL USE,,3.0,94,0,0,3.6,,,,,,6.7,27.5,,,,,,35.7,30.1,1.71,2.14,2.15,75.0,96.0,129.5,101.8,50
DEMO-10274-2017-334,10274,Demo Pitcher 274,2017,30.0,30.0,Pitcher,RP,Free Agent,3,7.25,19.74,DEMO,SYNTHETIC DEMO DATA - REPLACE BEFORE REAL USE,,4.0,0,0,0,0.54,,,,,,6.7,22.6,,,,,,30.7,24.5,3.84,4.05,4.31,49.0,96.6,108.0,97.8,55
DEMO-10275-2014-335,10275,Demo Pitcher 275,2014,26.0,26.0,Pitcher,RP,Free Agent,5,38.58,176.4,DEMO,SYNTHETIC DEMO DATA - REPLACE BEFORE REAL USE,,5.0,2,0,0,3.92,,,,,,5.1,30.1,,,,,,32.5,35.0,2.69,3.0,2.97,81.2,94.2,117.0,110.3,55
DEMO-10275-2012-336,10275,Demo Pitcher 275,2012,24.0,24.0,Pitcher,RP,Extension,8,37.01,272.22,DEMO,SYNTHETIC DEMO DATA - REPLACE BEFORE REAL USE,,3.0,0,0,0,3.38,,,,,,4.6,26.6,,,,,,33.0,28.1,3.58,3.71,3.6,59.3,96.3,115.9,108.5,55
DEMO-10276-2022-337,10276,Demo Pitcher 276,2022,27.0,27.0,Pitcher,RP,Extension,8,56.23,414.43,DEMO,SYNTHETIC DEMO DATA - REPLACE BEFORE REAL USE,,3.0,13,0,0,5.25,,,,,,2.4,30.2,,,,,,35.9,36.0,2.83,2.46,2.54,56.9,97.4,130.9,99.2,65
DEMO-10277-2024-338,10277,Demo Pitcher 277,2024,30.0,30.0,Pitcher,SP,Extension,3,44.3,121.67,DEMO,SYNTHETIC DEMO DATA - REPLACE BEFORE REAL USE,,9.0,78,0,1,3.42,,,,,,7.9,35.2,,,,,,33.6,29.5,2.83,3.06,3.18,153.3,96.7,120.5,99.9,60
DEMO-10278-2021-339,10278,Demo Pitcher 278,2021,28.0,28.0,Pitcher,RP,Free Agent,8,23.29,168.91,DEMO,SYNTHETIC DEMO DATA - REPLACE BEFORE REAL USE,,4.0,48,0,0,1.48,,,,,,7.5,22.0,,,,,,29.7,21.0,4.08,3.79,3.71,52.2,95.6,98.8,91.1,55
DEMO-10279-2025-340,10279,Demo Pitcher 279,2025,36.0,36.0,Pitcher,RP,Free Agent,3,14.77,46.81,DEMO,SYNTHETIC DEMO DATA - REPLACE BEFORE REAL USE,,9.0,0,0,0,-0.5,,,,,,8.3,22.6,,,,,,23.4,19.5,5.57,4.98,4.94,53.5,95.4,101.2,90.9,50
DEMO-10280-2016-341,10280,Demo Pitcher 280,2016,26.0,26.0,Pitcher,SP,Free Agent,6,45.28,233.09,DEMO,SYNTHETIC DEMO DATA - REPLACE BEFORE REAL USE,,3.0,55,0,0,4.99,,,,,,6.1,30.4,,,,,,34.7,34.0,2.21,2.27,2.2,205.5,97.1,131.3,104.0,65
DEMO-10281-2019-342,10281,Demo Pitcher 281,2019,28.0,28.0,Pitcher,RP,Extension,5,53.03,228.79,DEMO,SYNTHETIC DEMO DATA - REPLACE BEFORE REAL USE,,4.0,55,0,0,4.12,,,,,,3.1,24.6,,,,,,30.7,28.1,2.92,3.14,3.38,60.4,97.5,125.0,109.4,60
DEMO-10282-2024-343,10282,Demo Pitcher 282,2024,28.0,28.0,Pitcher,SP,Arbitration,1,18.27,18.27,DEMO,SYNTHETIC DEMO DATA - REPLACE BEFORE REAL USE,,6.0,58,0,0,3.75,,,,,,3.2,29.4,,,,,,34.7,30.5,2.94,3.21,3.25,214.8,94.1,110.5,103.1,50
DEMO-10283-2016-344,10283,Demo Pitcher 283,2016,32.0,32.0,Pitcher,SP,Arbitration,1,17.25,17.25,DEMO,SYNTHETIC DEMO DATA - REPLACE BEFORE REAL USE,,5.0,31,0,0,4.95,,,,,,4.8,37.3,,,,,,33.2,34.1,3.19,3.3,3.35,225.1,94.2,123.3,118.8,65
DEMO-10284-2017-345,10284,Demo Pitcher 284,2017,31.0,31.0,Pitcher,RP,Free Agent,3,9.94,26.45,DEMO,SYNTHETIC DEMO DATA - REPLACE BEFORE REAL USE,,5.0,0,0,0,0.56,,,,,,11.2,20.9,,,,,,25.3,24.0,4.51,4.53,4.55,60.6,95.8,100.3,105.4,55
DEMO-10285-2021-346,10285,Demo Pitcher 285,2021,34.0,34.0,Pitcher,RP,Extension,3,12.32,33.83,DEMO,SYNTHETIC DEMO DATA - REPLACE BEFORE REAL USE,,8.0,0,0,0,-0.5,,,,,,10.3,16.9,,,,,,27.0,20.5,4.16,4.49,4.66,48.3,96.0,93.5,85.2,40
DEMO-10286-2019-347,10286,Demo Pitcher 286,2019,28.0,28.0,Pitcher,RP,Extension,5,50.35,248.13,DEMO,SYNTHETIC DEMO DATA - REPLACE BEFORE REAL USE,,2.0,34,0,0,4.28,,,,,,6.3,36.1,,,,,,36.9,27.7,2.91,3.72,3.77,60.9,94.4,127.1,105.4,60
DEMO-10287-2025-348,10287,Demo Pitcher 287,2025,35.0,35.0,Pitcher,SP,Extension,2,9.39,19.64,DEMO,SYNTHETIC DEMO DATA - REPLACE BEFORE REAL USE,,8.0,67,0,0,0.12,,,,,,7.8,20.9,,,,,,27.2,22.5,5.1,4.85,4.79,141.3,93.5,92.8,104.6,50
DEMO-10288-2019-349,10288,Demo Pitcher 288,2019,25.0,25.0,Pitcher,SP,Extension,9,35.29,295.19,DEMO,SYNTHETIC DEMO DATA - REPLACE BEFORE REAL USE,,4.0,72,0,0,3.51,,,,,,6.7,29.5,,,,,,30.9,26.9,3.46,3.79,3.76,202.6,93.6,116.4,103.8,60
DEMO-10289-2011-350,10289,Demo Pitcher 289,2011,26.0,26.0,Pitcher,RP,Arbitration,1,12.49,12.49,DEMO,SYNTHETIC DEMO DATA - REPLACE BEFORE REAL USE,,3.0,0,0,0,3.17,,,,,,3.2,28.0,,,,,,34.6,33.0,3.81,3.52,3.47,66.6,98.8,116.0,109.5,55
DEMO-10290-2010-351,10290,Demo Pitcher 290,2010,22.0,22.0,Pitcher,SP,Extension,8,28.1,205.75,DEMO,SYNTHETIC DEMO DATA - REPLACE BEFORE REAL USE,,2.0,54,0,0,2.59,,,,,,8.4,25.3,,,,,,35.4,32.9,3.42,3.35,3.23,152.9,97.2,136.2,95.8,70
